-- MySQL dump 10.13  Distrib 8.0.21, for Win64 (x86_64)
--
-- Host: localhost    Database: bi_quicksilvertest
-- ------------------------------------------------------
-- Server version	8.0.21

/*!40101 SET @OLD_CHARACTER_SET_CLIENT=@@CHARACTER_SET_CLIENT */;
/*!40101 SET @OLD_CHARACTER_SET_RESULTS=@@CHARACTER_SET_RESULTS */;
/*!40101 SET @OLD_COLLATION_CONNECTION=@@COLLATION_CONNECTION */;
/*!50503 SET NAMES utf8mb4 */;
/*!40103 SET @OLD_TIME_ZONE=@@TIME_ZONE */;
/*!40103 SET TIME_ZONE='+00:00' */;
/*!40014 SET @OLD_UNIQUE_CHECKS=@@UNIQUE_CHECKS, UNIQUE_CHECKS=0 */;
/*!40014 SET @OLD_FOREIGN_KEY_CHECKS=@@FOREIGN_KEY_CHECKS, FOREIGN_KEY_CHECKS=0 */;
/*!40101 SET @OLD_SQL_MODE=@@SQL_MODE, SQL_MODE='NO_AUTO_VALUE_ON_ZERO' */;
/*!40111 SET @OLD_SQL_NOTES=@@SQL_NOTES, SQL_NOTES=0 */;

-- Ensure the schema exists
DROP DATABASE bi_quicksilvertest;
CREATE DATABASE bi_quicksilvertest;

use bi_quicksilvertest;
--
-- Table structure for table `categories`
--

DROP TABLE IF EXISTS categories;
/*!40101 SET @saved_cs_client     = @@character_set_client */;
/*!50503 SET character_set_client = utf8mb4 */;
CREATE TABLE categories (
  CategoryID INT PRIMARY KEY,
  CategoryName VARCHAR(100) COLLATE Latin1_General_CI_AI DEFAULT NULL
);

--
-- Dumping data for table `categories`
--

BEGIN TRANSACTION;

-- Perform the bulk insert
INSERT INTO categories (CategoryID, CategoryName)
VALUES 
  (1,'Tablet'),
  (2,'Headphones'),
  (3,'Keyboard'),
  (4,'Mouse'),
  (5,'Game'),
  (6,'USB'),
  (7,'Charger'),
  (8,'Monitor'),
  (9,'Smartphone'),
  (10,'Graphics'),
  (11,'Fitness Tracker'),
  (12,'E-Reader'),
  (13,'External Storage'),
  (14,'VR Headset'),
  (15,'Portable Speaker'),
  (16,'Smartwatch'),
  (17,'Laptop'),
  (18,'Action Camera'),
  (19,'Drone'),
  (20,'Computer');

-- Enable automatic index creation and updating


-- Commit the transaction
COMMIT TRANSACTION;


--
-- Table structure for table `customers`
--

DROP TABLE IF EXISTS customers;
/*!40101 SET @saved_cs_client     = @@character_set_client */;
/*!50503 SET character_set_client = utf8mb4 */;
CREATE TABLE customers (
  CustomerID int PRIMARY KEY,
  FirstName VARCHAR(50) COLLATE Latin1_General_CI_AI DEFAULT NULL,
  LastName VARCHAR(50) COLLATE Latin1_General_CI_AI DEFAULT NULL,
  Email VARCHAR(100) COLLATE Latin1_General_CI_AI DEFAULT NULL,
  Phone VARCHAR(20) COLLATE Latin1_General_CI_AI DEFAULT NULL,
  State VARCHAR(2) COLLATE Latin1_General_CI_AI DEFAULT NULL,
  ZipCode VARCHAR(10) COLLATE Latin1_General_CI_AI DEFAULT NULL
);
/*!40101 SET character_set_client = @saved_cs_client */;

--
-- Dumping data for table `customers`
--

BEGIN TRANSACTION;


-- Perform the bulk insert
INSERT INTO customers (CustomerID, FirstName, LastName, Email, Phone, State, ZipCode)
VALUES 
(1,'Alice','Wong','alice.wong@email.com','321-654-9870','TX','82604'),(2,'Bob','Johnson','bob.johnson@email.com','654-321-0987','FL','51348'),(3,'Ian','Miller','ian.miller@email.com','441-476-1680','TX','62682'),(4,'Fiona','Wilson','fiona.wilson@email.com','730-205-6733','GA','30085'),(5,'Ian','Brown','ian.brown@email.com','415-119-6499','IL','93056'),(6,'Charlie','Smith','charlie.smith@email.com','260-990-9690','IL','10946'),(7,'Hannah','Moore','hannah.moore@email.com','626-385-5602','AZ','66978'),(8,'Fiona','Moore','fiona.moore@email.com','650-849-2190','FL','21798'),(9,'Evan','Smith','evan.smith@email.com','180-454-3297','FL','33173'),(10,'Fiona','Davis','fiona.davis@email.com','976-713-8698','PA','20299'),(11,'Diana','Miller','diana.miller@email.com','625-192-5265','NY','99407'),(12,'Linda','Miller','linda.miller@email.com','932-255-4818','IL','20593'),(13,'Evan','Thomas','evan.thomas@email.com','292-477-1416','GA','88526'),(14,'George','Davis','george.davis@email.com','393-232-5853','AZ','74565'),(15,'Linda','Wilson','linda.wilson@email.com','607-279-6851','GA','92029'),(16,'Diana','Miller','diana.miller@email.com','169-563-9263','AZ','83943'),(17,'Evan','Taylor','evan.taylor@email.com','174-444-4358','TX','42177'),(18,'Evan','Anderson','evan.anderson@email.com','207-928-7872','MA','30283'),(19,'Linda','Jackson','linda.jackson@email.com','563-546-1702','GA','43965'),(20,'Linda','Smith','linda.smith@email.com','829-785-5184','WA','17510'),(21,'Evan','Wilson','evan.wilson@email.com','983-722-8141','GA','18781'),(22,'Charlie','Wilson','charlie.wilson@email.com','259-248-5843','TX','85954'),(23,'Kevin','Anderson','kevin.anderson@email.com','393-503-4608','AZ','14371'),(24,'Hannah','Wilson','hannah.wilson@email.com','465-930-8060','NY','92080'),(25,'Julia','Brown','julia.brown@email.com','865-914-4130','CA','54856'),(26,'Diana','Anderson','diana.anderson@email.com','906-904-6589','IL','33767'),(27,'Kevin','Moore','kevin.moore@email.com','379-617-5912','PA','35348'),(28,'Ian','Anderson','ian.anderson@email.com','323-192-5581','AZ','45439'),(29,'Fiona','Thomas','fiona.thomas@email.com','714-622-3192','TX','67996'),(30,'George','Brown','george.brown@email.com','915-650-8651','WA','85181'),(31,'Evan','Thomas','evan.thomas@email.com','989-479-3561','GA','10703'),(32,'George','Smith','george.smith@email.com','895-566-5770','IL','32960'),(33,'Evan','Smith','evan.smith@email.com','272-352-7054','TX','71223'),(34,'Kevin','Miller','kevin.miller@email.com','225-510-9534','AZ','18369'),(35,'Kevin','Wilson','kevin.wilson@email.com','510-783-6849','FL','45375'),(36,'Julia','Moore','julia.moore@email.com','771-989-6984','CA','93587'),(37,'Linda','Brown','linda.brown@email.com','794-476-7674','WA','17555'),(38,'Hannah','Wilson','hannah.wilson@email.com','171-189-7881','TX','94709'),(39,'Hannah','Miller','hannah.miller@email.com','839-398-7087','FL','26416'),(40,'Charlie','Anderson','charlie.anderson@email.com','967-880-5754','PA','79437'),(41,'Linda','Davis','linda.davis@email.com','420-537-9605','PA','20848'),(42,'Fiona','Anderson','fiona.anderson@email.com','110-310-7994','IL','16634'),(43,'George','Brown','george.brown@email.com','490-851-2524','CA','57024'),(44,'Diana','Miller','diana.miller@email.com','922-265-8902','FL','84066'),(45,'George','Miller','george.miller@email.com','596-879-7002','CA','49827'),(46,'Hannah','Jackson','hannah.jackson@email.com','270-210-8795','PA','51435'),(47,'Linda','Taylor','linda.taylor@email.com','793-537-9311','WA','98168'),(48,'Linda','Moore','linda.moore@email.com','154-353-5960','TX','40658'),(49,'Kevin','Jackson','kevin.jackson@email.com','458-534-1162','MA','81887'),(50,'Linda','Anderson','linda.anderson@email.com','246-664-6494','IL','59483'),(51,'Kevin','Miller','kevin.miller@email.com','200-250-9423','CA','38878'),(52,'Diana','Anderson','diana.anderson@email.com','470-623-1543','NY','98692'),(53,'Hannah','Wilson','hannah.wilson@email.com','803-784-9236','FL','18433'),(54,'Julia','Miller','julia.miller@email.com','225-672-1278','WA','63029'),(55,'Kevin','Jackson','kevin.jackson@email.com','193-863-9459','IL','46934'),(56,'Julia','Brown','julia.brown@email.com','310-759-3908','PA','62942'),(57,'Ian','Taylor','ian.taylor@email.com','623-655-2635','FL','55011'),(58,'Evan','Davis','evan.davis@email.com','108-298-6689','GA','14845'),(59,'Diana','Wilson','diana.wilson@email.com','745-743-2649','PA','39347'),(60,'Evan','Davis','evan.davis@email.com','118-648-9066','GA','73421'),(61,'Ian','Moore','ian.moore@email.com','215-355-7508','FL','95171'),(62,'Linda','Thomas','linda.thomas@email.com','882-753-2573','PA','13994'),(63,'Linda','Brown','linda.brown@email.com','568-310-7941','WA','57862'),(64,'Fiona','Davis','fiona.davis@email.com','626-454-7580','CA','39247'),(65,'Hannah','Thomas','hannah.thomas@email.com','362-887-4634','NY','39883'),(66,'Ian','Smith','ian.smith@email.com','975-321-8727','CA','72906'),(67,'Julia','Wilson','julia.wilson@email.com','147-509-1090','TX','24190'),(68,'Fiona','Anderson','fiona.anderson@email.com','629-728-9843','CA','92202'),(69,'George','Anderson','george.anderson@email.com','599-122-3670','IL','29601'),(70,'Diana','Brown','diana.brown@email.com','524-651-8186','CA','58568'),(71,'Linda','Jackson','linda.jackson@email.com','896-918-7926','TX','27700'),(72,'Linda','Jackson','linda.jackson@email.com','972-271-3895','MA','68289'),(73,'George','Anderson','george.anderson@email.com','548-339-4648','WA','87515'),(74,'Hannah','Moore','hannah.moore@email.com','731-897-4135','WA','68320'),(75,'Charlie','Brown','charlie.brown@email.com','764-568-4855','TX','41596'),(76,'Diana','Davis','diana.davis@email.com','811-239-2852','PA','68057'),(77,'Evan','Wilson','evan.wilson@email.com','509-260-5603','NY','95617'),(78,'Hannah','Anderson','hannah.anderson@email.com','284-235-2673','CA','63880'),(79,'Kevin','Thomas','kevin.thomas@email.com','751-316-8790','GA','40733'),(80,'Charlie','Brown','charlie.brown@email.com','656-921-6925','GA','73503'),(81,'Kevin','Wilson','kevin.wilson@email.com','708-677-9986','WA','91717'),(82,'Charlie','Brown','charlie.brown@email.com','822-855-3149','GA','77908'),(83,'Fiona','Jackson','fiona.jackson@email.com','835-171-3083','IL','30444'),(84,'Charlie','Smith','charlie.smith@email.com','277-904-5091','TX','95773'),(85,'Diana','Davis','diana.davis@email.com','934-151-5279','CA','58473'),(86,'George','Thomas','george.thomas@email.com','140-882-8703','GA','38266'),(87,'Ian','Miller','ian.miller@email.com','346-219-9088','IL','52009'),(88,'George','Jackson','george.jackson@email.com','532-569-2927','PA','62868'),(89,'Fiona','Brown','fiona.brown@email.com','787-326-3858','IL','26272'),(90,'Linda','Brown','linda.brown@email.com','833-123-6208','TX','70723'),(91,'Linda','Smith','linda.smith@email.com','215-367-2968','MA','59708'),(92,'Fiona','Taylor','fiona.taylor@email.com','724-227-7811','WA','73228'),(93,'George','Thomas','george.thomas@email.com','511-868-2983','TX','13682'),(94,'Julia','Smith','julia.smith@email.com','253-642-3766','CA','54112'),(95,'George','Moore','george.moore@email.com','200-335-4437','MA','59537'),(96,'Fiona','Wilson','fiona.wilson@email.com','674-239-2092','IL','51593'),(97,'Evan','Wilson','evan.wilson@email.com','184-984-7570','MA','24484'),(98,'Fiona','Smith','fiona.smith@email.com','690-526-7473','TX','94391'),(99,'George','Taylor','george.taylor@email.com','264-535-7325','AZ','47509'),(100,'Ian','Davis','ian.davis@email.com','692-645-3269','WA','84944');
/*!40000 ALTER TABLE `customers` ENABLE KEYS */;

-- Commit the transaction
COMMIT TRANSACTION;

--
-- Table structure for table `productcategorymappings`
--

DROP TABLE IF EXISTS products;
/*!40101 SET @saved_cs_client     = @@character_set_client */;
/*!50503 SET character_set_client = utf8mb4 */;
CREATE TABLE products (
  ProductID INT PRIMARY KEY,
  ProductName VARCHAR(100) COLLATE Latin1_General_CI_AI DEFAULT NULL,
  Price DECIMAL(10,2) DEFAULT NULL
);

--
-- Dumping data for table `products`
--

BEGIN TRANSACTION;

-- Perform the bulk insert
INSERT INTO products (ProductID, ProductName, Price)
VALUES (1,'Tablet 84',500.00),(2,'Headphones 43',150.00),(3,'Keyboard 46',75.00),(4,'Mouse 62',25.00),(5,'Mouse 67',24.62),(6,'Game 33',424.96),(7,'USB 94',13.22),(8,'Tablet 86',649.39),(9,'Keyboard 47',40.14),(10,'Charger 10',47.80),(11,'Monitor 58',568.07),(12,'USB 90',26.68),(13,'Keyboard 49',72.86),(14,'Smartphone 80',734.37),(15,'Charger 9',57.35),(16,'Headphones 45',172.51),(17,'Graphics 42',226.37),(18,'Monitor 60',468.28),(19,'Fitness 31',120.59),(20,'E-Reader 17',168.46),(21,'Fitness 27',51.25),(22,'Monitor 61',230.33),(23,'USB 95',26.80),(24,'Graphics 40',140.64),(25,'Smartphone 79',341.07),(26,'Mouse 66',11.18),(27,'Monitor 57',654.91),(28,'Tablet 85',678.89),(29,'External 25',160.64),(30,'VR 104',201.07),(31,'Smartphone 75',726.01),(32,'USB 97',5.89),(33,'VR 102',743.20),(34,'Game 34',240.92),(35,'Portable 71',95.01),(36,'Smartphone 76',848.27),(37,'VR 98',727.61),(38,'Smartwatch 82',322.80),(39,'Tablet 87',309.28),(40,'VR 101',269.78),(41,'Graphics 41',319.05),(42,'Keyboard 50',85.14),(43,'Keyboard 48',42.78),(44,'USB 91',18.30),(45,'External 24',235.24),(46,'VR 99',412.21),(47,'Portable 73',136.23),(48,'Game 35',370.95),(49,'Game 37',288.66),(50,'Headphones 44',141.81),(51,'VR 103',528.49),(52,'Mouse 68',19.74),(53,'E-Reader 20',119.21),(54,'Fitness 30',108.02),(55,'Smartphone 77',564.97),(56,'Action 5',336.31),(57,'E-Reader 19',118.64),(58,'Graphics 39',79.90),(59,'Laptop 55',620.40),(60,'E-Reader 21',145.38),(61,'Laptop 53',1035.43),(62,'Smartphone 78',764.84),(63,'Portable 69',137.70),(64,'Graphics 38',201.71),(65,'Smartwatch 81',338.68),(66,'Laptop 54',1069.26),(67,'Fitness 32',114.08),(68,'USB 93',23.98),(69,'Mouse 65',54.72),(70,'Monitor 56',384.84),(71,'USB 92',17.40),(72,'Game 36',394.23),(73,'Tablet 88',535.37),(74,'Action 4',153.52),(75,'E-Reader 16',146.44),(76,'Charger 13',29.24),(77,'Action 3',218.83),(78,'Fitness 29',182.35),(79,'Mouse 63',26.40),(80,'Action 2',249.34),(81,'E-Reader 18',189.78),(82,'Keyboard 51',141.82),(83,'External 22',177.83),(84,'E-Reader 15',81.53),(85,'Action 1',180.32),(86,'VR 100',526.34),(87,'USB 96',21.71),(88,'Mouse 64',13.74),(89,'Tablet 89',382.36),(90,'External 23',270.24),(91,'Action 7',127.78),(92,'Portable 72',110.17),(93,'Monitor 59',120.70),(94,'Charger 11',22.72),(95,'Action 6',301.54),(96,'Fitness 28',138.81),(97,'Portable 70',148.59),(98,'Drone 14',1093.65),(99,'External 26',110.01),(100,'Portable 74',83.28),(101,'Charger 12',51.95),(102,'Action 8',181.99),(103,'Smartwatch 83',420.53),(104,'Laptop 52',1414.60);
/*!40000 ALTER TABLE `products` ENABLE KEYS */;
COMMIT TRANSACTION;


DROP TABLE IF EXISTS productcategorymappings;
/*!40101 SET @saved_cs_client     = @@character_set_client */;
/*!50503 SET character_set_client = utf8mb4 */;
CREATE TABLE productcategorymappings (
  ProductID INT NOT NULL,
  CategoryID INT NOT NULL,
  PRIMARY KEY (ProductID, CategoryID),
  CONSTRAINT FK_ProductCategory_Product FOREIGN KEY (ProductID) REFERENCES products (ProductID),
  CONSTRAINT FK_ProductCategory_Category FOREIGN KEY (CategoryID) REFERENCES categories (CategoryID)
);

/*!40101 SET character_set_client = @saved_cs_client */;

--
-- Dumping data for table `productcategorymappings`
--


-- Perform the bulk insert
BEGIN TRANSACTION;



INSERT INTO productcategorymappings (ProductID, CategoryID)
VALUES 
(1,1),(8,1),(28,1),(39,1),(73,1),(89,1),(2,2),(16,2),(50,2),(3,3),(9,3),(13,3),(42,3),(43,3),(82,3),(4,4),(5,4),(26,4),(52,4),(69,4),(79,4),(88,4),(6,5),(34,5),(48,5),(49,5),(72,5),(7,6),(12,6),(23,6),(32,6),(44,6),(68,6),(71,6),(87,6),(10,7),(15,7),(76,7),(94,7),(11,8),(18,8),(22,8),(27,8),(70,8),(93,8),(14,9),(25,9),(31,9),(36,9),(55,9),(62,9),(17,10),(24,10),(41,10),(58,10),(64,10),(19,11),(21,11),(54,11),(67,11),(78,11),(96,11),(20,12),(53,12),(57,12),(60,12),(75,12),(81,12),(84,12),(29,13),(45,13),(83,13),(90,13),(99,13),(30,14),(33,14),(37,14),(40,14),(46,14),(51,14),(86,14),(35,15),(47,15),(63,15),(92,15),(97,15),(100,15),(38,16),(65,16),(59,17),(61,17),(66,17),(56,18),(74,18),(77,18),(80,18),(85,18),(91,18),(95,18),(98,19),(3,20),(4,20),(5,20),(7,20),(9,20),(12,20),(13,20),(23,20),(42,20),(43,20),(44,20),(68,20),(69,20),(71,20),(87,20),(88,20);
/*!40000 ALTER TABLE `productcategorymappings` ENABLE KEYS */;
ALTER INDEX ALL ON productcategorymappings REBUILD;
-- Commit the transaction
COMMIT TRANSACTION;

--
-- Table structure for table `products`
--

--
-- Table structure for table `salesorderdetails`
--

DROP TABLE IF EXISTS salesorders;
/*!40101 SET @saved_cs_client     = @@character_set_client */;
/*!50503 SET character_set_client = utf8mb4 */;
CREATE TABLE salesorders (
  OrderID INT PRIMARY KEY,
  OrderDate DATE,
  CustomerID INT,
  TotalAmount DECIMAL(10,2),
  CONSTRAINT FK_SalesOrder_Customer FOREIGN KEY (CustomerID) REFERENCES customers (CustomerID)
);

/*!40101 SET character_set_client = @saved_cs_client */;

--
-- Dumping data for table `salesorders`
--
BEGIN TRANSACTION;


INSERT INTO salesorders (OrderID, OrderDate, CustomerID, TotalAmount)
VALUES 
(1,'2024-02-09',5,8057.97),(2,'2023-10-21',46,6367.40),(3,'2024-03-06',46,5616.08),(4,'2023-07-30',30,2116.82),(5,'2023-09-19',64,2792.38),(6,'2023-08-12',52,3415.28),(7,'2023-07-10',15,7083.52),(8,'2023-11-07',74,5360.70),(9,'2024-01-12',18,7653.55),(10,'2023-04-16',23,5033.36),(11,'2023-08-12',99,1982.56),(12,'2023-05-30',61,6717.58),(13,'2024-02-21',5,9059.82),(14,'2024-02-16',56,6558.54),(15,'2023-07-08',69,5601.18),(16,'2023-05-24',76,8164.35),(17,'2023-12-03',2,3874.45),(18,'2023-08-23',24,3512.67),(19,'2024-02-15',36,4595.44),(20,'2023-03-28',75,4542.30),(21,'2023-07-01',83,5143.26),(22,'2024-02-21',16,4319.19),(23,'2023-04-13',55,5574.56),(24,'2023-04-10',17,4466.35),(25,'2024-02-12',92,7119.89),(26,'2023-09-08',35,6296.64),(27,'2023-04-25',59,71.94),(28,'2023-11-12',20,4651.58),(29,'2023-12-05',81,476.84),(30,'2024-02-28',30,6964.14),(31,'2024-02-05',90,1682.87),(32,'2023-04-04',63,2901.09),(33,'2023-06-09',2,3559.77),(34,'2024-02-12',69,1120.38),(35,'2023-09-25',57,2607.21),(36,'2023-09-04',41,9596.36),(37,'2023-10-25',55,10058.38),(38,'2023-10-15',68,2010.49),(39,'2024-02-08',63,7512.92),(40,'2023-04-20',58,4790.44),(41,'2023-05-15',68,8839.23),(42,'2023-06-10',52,478.03),(43,'2023-11-19',88,3055.90),(44,'2024-03-17',85,6953.34),(45,'2023-04-01',76,2480.55),(46,'2023-06-04',50,1676.42),(47,'2023-11-03',65,788.93),(48,'2023-04-26',54,9012.41),(49,'2023-09-18',44,7599.94),(50,'2024-02-13',74,9116.56),(51,'2023-05-01',1,3027.85),(52,'2024-03-19',66,6086.26),(53,'2023-05-25',24,4335.48),(54,'2024-02-22',7,1726.45),(55,'2023-06-16',70,968.40),(56,'2024-01-04',31,108.55),(57,'2023-07-30',12,6903.14),(58,'2023-11-16',27,8489.20),(59,'2023-11-10',70,2946.86),(60,'2023-09-08',48,4738.49),(61,'2024-03-22',30,7055.27),(62,'2023-11-14',42,4319.03),(63,'2023-06-27',26,2780.61),(64,'2023-10-12',44,4927.21),(65,'2023-12-19',7,5551.58),(66,'2023-05-09',60,8082.71),(67,'2023-09-13',56,5945.56),(68,'2023-09-24',44,1134.53),(69,'2024-03-06',65,7329.14),(70,'2023-04-10',81,2185.22),(71,'2023-05-10',22,8363.09),(72,'2023-12-12',62,9458.31),(73,'2023-07-03',89,6431.59),(74,'2023-12-23',43,4219.39),(75,'2023-05-21',100,7648.39),(76,'2024-01-05',53,2609.86),(77,'2023-04-25',38,4576.72),(78,'2023-04-10',4,596.05),(79,'2023-06-28',21,11114.64),(80,'2023-04-04',53,7453.07),(81,'2023-09-13',71,425.43),(82,'2023-11-17',46,2887.32),(83,'2023-06-19',92,3029.63),(84,'2024-02-03',59,249.48),(85,'2023-08-11',26,3033.97),(86,'2024-01-17',39,10009.08),(87,'2023-07-15',96,794.82),(88,'2023-09-15',53,12986.51),(89,'2024-01-24',19,9067.17),(90,'2023-10-27',97,8852.71),(91,'2023-09-02',43,2624.66),(92,'2023-05-15',91,43.42),(93,'2023-05-12',4,663.60),(94,'2024-03-11',70,2139.10),(95,'2023-10-09',84,5322.36),(96,'2024-03-23',1,7507.87),(97,'2024-02-22',79,6995.56),(98,'2024-03-14',27,3954.26),(99,'2024-02-22',7,6368.32),(100,'2023-10-15',54,3697.79),(101,'2023-06-08',17,4091.41),(102,'2023-11-23',98,11094.74),(103,'2023-11-14',71,10613.83),(104,'2023-07-13',93,3901.62),(105,'2023-08-27',10,8828.34),(106,'2024-01-05',24,4214.31),(107,'2024-03-09',56,7974.89),(108,'2024-03-15',30,6512.80),(109,'2023-10-02',16,1138.38),(110,'2023-12-26',93,5064.26),(111,'2023-08-11',99,2071.97),(112,'2023-08-20',4,4044.80),(113,'2024-03-22',64,362.10),(114,'2023-09-12',55,3259.51),(115,'2023-07-18',48,5861.24),(116,'2024-03-24',67,2226.15),(117,'2024-01-03',16,1316.77),(118,'2023-08-19',84,12718.54),(119,'2024-02-05',24,1924.06),(120,'2023-07-15',32,3114.56),(121,'2023-05-12',97,4609.77),(122,'2023-06-09',8,7134.61),(123,'2023-04-11',68,4820.89),(124,'2024-02-10',29,4510.76),(125,'2024-01-08',17,1529.44),(126,'2023-04-14',21,8084.45),(127,'2023-09-25',99,4755.16),(128,'2023-06-08',69,2743.97),(129,'2024-01-14',17,127.78),(130,'2024-01-22',43,3961.73),(131,'2024-01-19',4,5826.19),(132,'2023-05-05',89,15419.14),(133,'2023-09-03',30,2653.72),(134,'2023-07-27',68,2655.15),(135,'2023-06-19',34,4069.82),(136,'2024-03-18',17,1291.20),(137,'2024-03-07',74,7997.79),(138,'2023-04-24',63,4527.56),(139,'2023-04-07',69,2377.02),(140,'2024-01-09',58,684.00),(141,'2023-06-06',77,1614.05),(142,'2023-05-27',79,395.72),(143,'2023-12-26',59,4112.37),(144,'2023-04-01',93,5077.21),(145,'2023-08-18',10,6141.67),(146,'2023-08-03',78,4898.04),(147,'2024-01-05',47,453.24),(148,'2023-05-01',60,1596.60),(149,'2023-06-25',46,3077.42),(150,'2023-04-14',93,5771.11),(151,'2023-09-13',24,2119.19),(152,'2023-04-07',24,5164.84),(153,'2023-05-17',39,5317.91),(154,'2023-06-30',54,1169.38),(155,'2023-08-30',24,8940.18),(156,'2023-09-18',8,10581.53),(157,'2023-12-07',86,7816.56),(158,'2023-07-28',4,1735.67),(159,'2023-07-30',99,6295.45),(160,'2023-06-09',79,307.04),(161,'2023-11-04',27,2138.49),(162,'2023-10-09',7,11620.64),(163,'2023-12-24',41,5635.96),(164,'2023-08-03',9,2046.99),(165,'2023-12-06',30,1792.89),(166,'2023-09-06',61,10445.16),(167,'2023-09-08',20,1538.14),(168,'2023-04-20',36,936.56),(169,'2023-05-03',55,2613.99),(170,'2024-01-10',78,6918.53),(171,'2023-05-31',15,3477.12),(172,'2023-12-12',15,11206.44),(173,'2023-04-25',23,4658.74),(174,'2023-10-18',22,4307.71),(175,'2024-01-06',57,1751.38),(176,'2023-12-17',42,1585.55),(177,'2023-09-13',1,4114.99),(178,'2023-04-03',73,2484.97),(179,'2023-05-02',53,887.20),(180,'2023-03-27',38,1512.73),(181,'2023-12-18',92,2205.65),(182,'2024-03-13',88,3206.04),(183,'2024-02-18',83,3862.01),(184,'2023-10-02',74,8389.55),(185,'2023-10-31',3,4647.03),(186,'2024-03-01',47,1202.68),(187,'2023-08-03',56,6991.40),(188,'2023-09-05',35,12071.67),(189,'2023-07-23',41,8740.88),(190,'2023-12-30',40,3942.57),(191,'2023-07-16',43,2155.75),(192,'2024-01-24',34,3960.15),(193,'2023-09-08',73,12276.69),(194,'2023-10-12',29,948.90),(195,'2023-10-03',55,4570.19),(196,'2024-03-08',6,7291.37),(197,'2023-07-15',1,2740.46),(198,'2023-05-08',64,1659.80),(199,'2023-07-07',13,2575.60),(200,'2023-12-13',13,5021.86),(201,'2023-11-15',25,2223.40),(202,'2023-07-03',30,1534.08),(203,'2023-10-31',52,2508.63),(204,'2023-08-20',96,6564.49),(205,'2023-10-18',46,882.00),(206,'2024-03-16',97,4334.04),(207,'2023-09-15',16,741.90),(208,'2024-02-25',37,5027.62),(209,'2023-08-17',30,5384.15),(210,'2023-06-08',1,2586.27),(211,'2024-01-26',45,8237.36),(212,'2023-11-06',3,2054.92),(213,'2023-04-23',12,6939.42),(214,'2024-03-17',4,9813.56),(215,'2023-06-21',84,3951.52),(216,'2023-11-13',84,1788.88),(217,'2024-02-12',59,407.65),(218,'2023-04-09',16,3202.86),(219,'2023-06-02',46,2782.95),(220,'2024-01-30',1,3974.44),(221,'2023-12-21',33,1114.19),(222,'2023-10-21',65,4133.67),(223,'2023-12-16',43,15960.06),(224,'2024-02-26',100,2684.16),(225,'2023-08-08',24,8447.56),(226,'2023-12-01',71,3597.27),(227,'2024-03-03',45,3172.79),(228,'2023-04-06',21,4610.26),(229,'2023-04-11',50,5648.69),(230,'2023-08-15',36,2138.52),(231,'2023-12-12',72,5466.67),(232,'2024-03-04',91,114.08),(233,'2023-07-01',83,1029.85),(234,'2023-06-29',87,1309.82),(235,'2023-08-28',19,10965.40),(236,'2023-06-17',86,849.92),(237,'2023-06-06',26,967.22),(238,'2023-05-01',62,8820.78),(239,'2023-08-14',52,10356.57),(240,'2024-03-15',60,10986.05),(241,'2023-09-16',82,7211.12),(242,'2023-07-19',18,940.96),(243,'2024-03-18',95,1177.32),(244,'2024-01-15',39,1148.60),(245,'2023-05-16',60,53.60),(246,'2023-08-18',80,12493.58),(247,'2023-08-22',18,10587.52),(248,'2023-06-22',100,1248.54),(249,'2023-07-13',64,7532.82),(250,'2023-07-15',35,5570.58),(251,'2024-01-07',25,7920.90),(252,'2024-02-12',14,9389.38),(253,'2023-10-08',14,4385.26),(254,'2023-05-03',28,7139.32),(255,'2023-06-22',72,4000.21),(256,'2023-06-28',60,6777.15),(257,'2023-07-24',12,331.18),(258,'2023-09-05',62,6632.77),(259,'2023-07-21',12,3127.59),(260,'2024-03-23',69,568.16),(261,'2023-08-22',65,10636.15),(262,'2023-10-10',87,750.90),(263,'2023-11-10',46,6651.34),(264,'2023-10-04',44,6634.81),(265,'2023-06-01',77,6231.44),(266,'2024-01-04',72,726.72),(267,'2023-06-16',81,1622.48),(268,'2023-06-17',8,6101.09),(269,'2023-12-24',31,8678.12),(270,'2023-07-22',70,453.24),(271,'2023-12-19',91,4316.37),(272,'2024-01-08',91,3267.77),(273,'2023-09-17',30,2133.54),(274,'2023-11-19',43,2281.85),(275,'2023-06-09',25,1764.71),(276,'2023-10-23',30,5544.66),(277,'2023-05-18',64,6224.02),(278,'2024-03-11',29,2064.97),(279,'2023-05-27',85,6583.72),(280,'2023-06-27',72,1859.83),(281,'2024-01-02',82,5370.69),(282,'2023-09-30',24,2972.80),(283,'2023-09-07',1,2951.85),(284,'2023-11-14',68,3837.37),(285,'2023-12-04',49,6748.44),(286,'2023-12-03',39,288.66),(287,'2023-11-19',47,1894.62),(288,'2023-07-08',83,5150.62),(289,'2023-12-09',56,362.10),(290,'2023-05-10',36,5527.64),(291,'2023-10-16',63,201.07),(292,'2024-02-14',95,3580.87),(293,'2024-01-14',56,4637.44),(294,'2023-06-30',72,3016.91),(295,'2023-05-29',19,8381.46),(296,'2024-03-12',65,1157.54),(297,'2023-06-14',17,4337.54),(298,'2023-08-07',69,7205.73),(299,'2023-07-18',100,5629.24),(300,'2023-10-30',76,1578.48),(301,'2023-11-22',68,3607.39),(302,'2023-05-08',90,2986.71),(303,'2023-12-31',20,5099.54),(304,'2023-05-03',21,6153.21),(305,'2024-01-22',71,733.82),(306,'2023-07-10',41,6206.14),(307,'2024-03-21',46,2492.51),(308,'2023-07-30',78,448.85),(309,'2023-08-20',1,4171.11),(310,'2023-11-14',23,6966.39),(311,'2023-03-29',70,5227.35),(312,'2023-04-30',84,6909.31),(313,'2024-01-23',97,9083.44),(314,'2023-04-07',96,379.56),(315,'2023-07-03',40,1790.83),(316,'2023-12-02',50,5812.76),(317,'2024-01-20',26,2118.48),(318,'2024-01-24',7,1366.56),(319,'2024-01-16',27,603.50),(320,'2023-11-22',91,6881.04),(321,'2023-03-29',21,8025.37),(322,'2023-07-15',69,5240.53),(323,'2023-06-15',53,1235.61),(324,'2023-08-19',56,2881.88),(325,'2023-06-23',66,8184.10),(326,'2023-08-27',83,2559.82),(327,'2023-06-11',13,3418.26),(328,'2024-03-16',7,3289.09),(329,'2023-11-12',66,26.80),(330,'2023-11-16',96,3769.01),(331,'2023-10-07',67,1892.28),(332,'2023-06-13',73,218.58),(333,'2023-12-24',73,6410.94),(334,'2023-09-25',30,4063.20),(335,'2024-02-27',53,6921.54),(336,'2023-08-13',74,2361.28),(337,'2023-09-05',36,4413.76),(338,'2024-01-07',6,4481.67),(339,'2023-04-01',42,1016.04),(340,'2023-07-05',49,6050.47),(341,'2023-10-17',78,2238.77),(342,'2023-09-29',70,2005.70),(343,'2023-12-23',29,9231.57),(344,'2024-02-09',78,2462.99),(345,'2023-03-28',65,2768.90),(346,'2023-10-25',77,5640.50),(347,'2023-06-18',95,4439.44),(348,'2023-12-02',41,314.62),(349,'2023-03-28',40,5206.67),(350,'2023-03-27',13,3382.31),(351,'2024-01-13',100,1276.20),(352,'2023-08-02',13,125.00),(353,'2024-01-29',4,6533.61),(354,'2023-04-03',88,237.28),(355,'2023-12-10',1,143.40),(356,'2024-01-24',87,1345.24),(357,'2023-11-01',90,349.05),(358,'2023-05-15',26,285.03),(359,'2024-01-20',16,7917.34),(360,'2023-09-17',93,1649.34),(361,'2024-01-03',56,2216.40),(362,'2023-12-18',52,399.50),(363,'2023-12-02',30,2818.10),(364,'2023-10-18',45,9004.20),(365,'2024-01-25',18,1306.63),(366,'2024-01-22',61,9048.63),(367,'2023-07-13',10,6439.37),(368,'2023-12-13',97,3371.26),(369,'2024-01-15',58,5346.30),(370,'2023-09-16',18,120.42),(371,'2023-10-05',50,3772.83),(372,'2023-10-20',93,2150.25),(373,'2023-04-07',75,2910.86),(374,'2023-06-17',95,6863.39),(375,'2024-03-06',74,5114.98),(376,'2023-06-27',28,2285.00),(377,'2023-11-30',57,297.18),(378,'2023-10-03',3,7854.53),(379,'2023-10-25',39,4147.72),(380,'2024-03-01',60,6431.61),(381,'2023-06-26',55,5692.81),(382,'2023-09-03',94,1335.77),(383,'2023-04-18',67,2904.92),(384,'2023-07-15',88,6564.30),(385,'2023-09-17',68,2858.59),(386,'2023-04-29',24,6262.95),(387,'2023-06-20',74,3621.83),(388,'2023-04-01',73,120.70),(389,'2024-01-02',11,10369.61),(390,'2024-01-09',56,4117.58),(391,'2023-06-28',56,1995.65),(392,'2023-10-06',72,7521.37),(393,'2024-01-09',73,6438.30),(394,'2023-11-21',91,6743.83),(395,'2023-08-17',68,444.20),(396,'2024-01-05',34,1217.70),(397,'2024-02-03',96,1735.35),(398,'2023-07-19',20,8734.04),(399,'2024-01-03',20,5532.53),(400,'2023-05-13',15,8038.28),(401,'2023-09-26',37,1497.50),(402,'2023-12-30',84,5612.44),(403,'2023-05-18',60,732.50),(404,'2023-05-03',18,5502.69),(405,'2023-12-06',31,2768.72),(406,'2023-07-08',63,7225.75),(407,'2023-05-11',30,12451.45),(408,'2023-07-20',51,2149.52),(409,'2023-04-23',85,4290.07),(410,'2023-08-10',55,3831.93),(411,'2023-05-13',67,255.56),(412,'2023-08-18',43,13259.36),(413,'2023-06-28',28,3187.32),(414,'2023-12-16',71,6215.14),(415,'2023-07-08',52,3961.59),(416,'2023-12-06',63,3068.61),(417,'2023-06-29',35,6721.35),(418,'2024-01-22',32,3865.23),(419,'2023-05-14',77,9820.64),(420,'2023-06-16',59,9448.15),(421,'2023-11-01',71,1529.44),(422,'2023-08-22',16,9358.64),(423,'2024-03-24',18,10212.12),(424,'2023-04-04',81,1597.80),(425,'2024-03-21',86,1932.90),(426,'2024-01-18',82,10015.13),(427,'2023-09-12',53,6880.23),(428,'2023-11-04',61,200.70),(429,'2023-11-07',32,1635.47),(430,'2024-02-08',8,1358.55),(431,'2024-03-09',68,4103.13),(432,'2024-03-09',14,3716.17),(433,'2023-08-07',5,1694.76),(434,'2023-09-22',27,904.34),(435,'2023-11-24',94,6241.80),(436,'2023-08-10',30,3879.52),(437,'2024-03-23',3,2518.51),(438,'2023-10-10',77,2956.61),(439,'2023-08-27',17,75.00),(440,'2024-01-26',14,4352.66),(441,'2023-12-25',61,5164.45),(442,'2023-04-28',75,9624.53),(443,'2024-02-19',6,5109.34),(444,'2023-12-20',96,468.84),(445,'2024-02-18',67,5524.06),(446,'2023-06-02',47,13230.92),(447,'2023-10-10',77,10505.70),(448,'2023-09-16',6,55.90),(449,'2023-11-20',80,2346.51),(450,'2023-10-12',31,5189.78),(451,'2023-07-11',62,384.84),(452,'2024-01-18',13,9448.96),(453,'2023-07-28',63,2632.23),(454,'2023-07-27',49,6365.13),(455,'2024-02-06',14,762.12),(456,'2023-06-08',22,2715.71),(457,'2023-05-22',21,7285.05),(458,'2023-08-11',42,841.10),(459,'2024-01-07',93,14267.23),(460,'2023-07-04',36,6897.55),(461,'2023-07-22',81,938.90),(462,'2023-04-15',71,742.95),(463,'2024-01-05',34,2799.04),(464,'2023-04-28',3,3537.42),(465,'2023-04-23',73,6745.54),(466,'2023-07-25',58,5314.94),(467,'2024-02-08',25,1124.32),(468,'2024-03-05',10,2479.49),(469,'2023-07-24',67,3829.65),(470,'2024-01-28',59,5944.75),(471,'2023-09-23',68,5681.17),(472,'2024-01-03',26,822.52),(473,'2023-12-27',97,2648.80),(474,'2024-01-20',84,5388.94),(475,'2023-06-02',38,749.07),(476,'2023-12-09',3,567.24),(477,'2023-12-03',11,2172.57),(478,'2023-11-11',12,5315.36),(479,'2024-01-29',10,2066.15),(480,'2023-11-08',45,1292.85),(481,'2024-01-16',41,7101.22),(482,'2023-09-23',89,8057.10),(483,'2024-03-06',87,4374.60),(484,'2023-11-11',87,6183.23),(485,'2023-08-13',51,2189.12),(486,'2024-03-20',32,3320.05),(487,'2023-08-08',57,5066.08),(488,'2023-03-27',84,1873.12),(489,'2023-08-19',88,4840.32),(490,'2023-04-07',25,7262.12),(491,'2023-11-14',74,10300.50),(492,'2024-01-04',34,9669.69),(493,'2024-01-19',38,1806.95),(494,'2023-09-17',52,830.03),(495,'2023-07-29',21,3476.22),(496,'2023-04-02',63,5352.83),(497,'2023-11-12',34,3415.22),(498,'2023-08-22',16,1035.75),(499,'2023-07-22',18,3987.93),(500,'2023-06-17',48,968.40);
/*!40000 ALTER TABLE `salesorders` ENABLE KEYS */;
COMMIT TRANSACTION;
/*!40103 SET TIME_ZONE=@OLD_TIME_ZONE */;

/*!40101 SET SQL_MODE=@OLD_SQL_MODE */;
/*!40014 SET FOREIGN_KEY_CHECKS=@OLD_FOREIGN_KEY_CHECKS */;
/*!40014 SET UNIQUE_CHECKS=@OLD_UNIQUE_CHECKS */;
/*!40101 SET CHARACTER_SET_CLIENT=@OLD_CHARACTER_SET_CLIENT */;
/*!40101 SET CHARACTER_SET_RESULTS=@OLD_CHARACTER_SET_RESULTS */;
/*!40101 SET COLLATION_CONNECTION=@OLD_COLLATION_CONNECTION */;
/*!40111 SET SQL_NOTES=@OLD_SQL_NOTES */;

-- Dump completed on 2024-03-26 20:16:32


DROP TABLE IF EXISTS salesorderdetails;
/*!40101 SET @saved_cs_client     = @@character_set_client */;
/*!50503 SET character_set_client = utf8mb4 */;
CREATE TABLE salesorderdetails (
  OrderDetailID INT PRIMARY KEY,
  OrderID INT,
  ProductID INT,
  Quantity INT,
  UnitPrice DECIMAL(10,2),
  CONSTRAINT FK_OrderDetail_Order FOREIGN KEY (OrderID) REFERENCES salesorders (OrderID),
  CONSTRAINT FK_OrderDetail_Product FOREIGN KEY (ProductID) REFERENCES products (ProductID)
);

/*!40101 SET character_set_client = @saved_cs_client */;

--
-- Dumping data for table `salesorderdetails`
--

BEGIN TRANSACTION;

-- Perform the bulk insert
INSERT INTO salesorderdetails (OrderDetailID, OrderID, ProductID, Quantity, UnitPrice)
VALUES 
(2771,1,2,2,150.00),(2772,1,38,1,322.80),(2773,1,44,4,18.30),(2774,1,10,2,47.80),(2775,1,71,2,17.40),(2776,1,32,5,5.89),(2777,1,46,2,412.21),(2778,1,98,4,1093.65),(2779,1,60,5,145.38),(2780,1,41,4,319.05),(2781,2,8,2,649.39),(2782,2,76,4,29.24),(2783,2,2,5,150.00),(2784,2,51,4,528.49),(2785,2,42,5,85.14),(2786,2,35,5,95.01),(2787,2,36,1,848.27),(2788,2,65,1,338.68),(2789,3,40,1,269.78),(2790,3,66,5,1069.26),(2791,4,3,4,75.00),(2792,4,78,2,182.35),(2793,4,36,1,848.27),(2794,4,64,1,201.71),(2795,4,30,2,201.07),(2796,5,99,3,110.01),(2797,5,69,3,54.72),(2798,5,83,3,177.83),(2799,5,42,5,85.14),(2800,5,38,4,322.80),(2801,5,10,1,47.80),(2802,6,62,4,764.84),(2803,6,57,3,118.64),(2804,7,6,1,424.96),(2805,7,26,3,11.18),(2806,7,36,4,848.27),(2807,7,30,4,201.07),(2808,7,1,1,500.00),(2809,7,13,2,72.86),(2810,7,40,2,269.78),(2811,7,15,4,57.35),(2812,7,42,1,85.14),(2813,7,39,3,309.28),(2814,8,36,4,848.27),(2815,8,70,5,384.84),(2816,8,87,2,21.71),(2817,9,51,4,528.49),(2818,9,15,3,57.35),(2819,9,94,4,22.72),(2820,9,86,2,526.34),(2821,9,27,2,654.91),(2822,9,31,3,726.01),(2823,9,71,2,17.40),(2824,9,19,5,120.59),(2825,9,87,2,21.71),(2826,9,88,4,13.74),(2827,10,75,3,146.44),(2828,10,28,3,678.89),(2829,10,19,3,120.59),(2830,10,80,5,249.34),(2831,10,81,5,189.78),(2832,11,71,1,17.40),(2833,11,75,3,146.44),(2834,11,32,5,5.89),(2835,11,48,2,370.95),(2836,11,91,2,127.78),(2837,11,35,3,95.01),(2838,11,43,5,42.78),(2839,12,77,4,218.83),(2840,12,26,2,11.18),(2841,12,6,2,424.96),(2842,12,9,1,40.14),(2843,12,44,4,18.30),(2844,12,2,1,150.00),(2845,12,27,2,654.91),(2846,12,71,1,17.40),(2847,12,70,5,384.84),(2848,12,37,2,727.61),(2849,13,3,5,75.00),(2850,13,18,3,468.28),(2851,13,90,3,270.24),(2852,13,91,4,127.78),(2853,13,28,2,678.89),(2854,13,24,2,140.64),(2855,13,33,5,743.20),(2856,13,95,2,301.54),(2857,14,44,4,18.30),(2858,14,59,2,620.40),(2859,14,82,1,141.82),(2860,14,42,2,85.14),(2861,14,51,4,528.49),(2862,14,2,3,150.00),(2863,14,29,3,160.64),(2864,14,78,1,182.35),(2865,14,11,3,568.07),(2866,15,91,4,127.78),(2867,15,69,4,54.72),(2868,15,33,2,743.20),(2869,15,67,1,114.08),(2870,15,46,4,412.21),(2871,15,10,2,47.80),(2872,15,14,2,734.37),(2873,15,71,2,17.40),(2874,15,94,1,22.72),(2875,16,42,2,85.14),(2876,16,88,5,13.74),(2877,16,94,2,22.72),(2878,16,14,1,734.37),(2879,16,75,4,146.44),(2880,16,62,4,764.84),(2881,16,89,5,382.36),(2882,16,64,5,201.71),(2883,16,26,4,11.18),(2884,16,73,1,535.37),(2885,17,40,1,269.78),(2886,17,46,5,412.21),(2887,17,9,3,40.14),(2888,17,2,4,150.00),(2889,17,89,2,382.36),(2890,17,76,2,29.24),(2891,18,30,3,201.07),(2892,18,38,5,322.80),(2893,18,69,1,54.72),(2894,18,10,5,47.80),(2895,18,4,1,25.00),(2896,18,60,5,145.38),(2897,18,100,3,83.28),(2898,19,65,5,338.68),(2899,19,81,4,189.78),(2900,19,89,5,382.36),(2901,19,5,5,24.62),(2902,19,54,1,108.02),(2903,20,17,2,226.37),(2904,20,77,1,218.83),(2905,20,61,3,1035.43),(2906,20,43,1,42.78),(2907,20,84,2,81.53),(2908,20,58,4,79.90),(2909,20,10,5,47.80),(2910,21,24,5,140.64),(2911,21,3,4,75.00),(2912,21,41,5,319.05),(2913,21,36,3,848.27),(2914,22,68,3,23.98),(2915,22,50,5,141.81),(2916,22,70,5,384.84),(2917,22,38,5,322.80),(2918,23,90,2,270.24),(2919,23,26,3,11.18),(2920,23,55,3,564.97),(2921,23,95,1,301.54),(2922,23,73,4,535.37),(2923,23,28,1,678.89),(2924,23,83,1,177.83),(2925,23,32,1,5.89),(2926,24,67,4,114.08),(2927,24,79,3,26.40),(2928,24,27,5,654.91),(2929,24,3,5,75.00),(2930,24,24,2,140.64),(2931,25,40,4,269.78),(2932,25,16,5,172.51),(2933,25,58,4,79.90),(2934,25,1,5,500.00),(2935,25,51,3,528.49),(2936,25,25,1,341.07),(2937,25,54,4,108.02),(2938,26,71,5,17.40),(2939,26,43,1,42.78),(2940,26,94,2,22.72),(2941,26,49,3,288.66),(2942,26,59,5,620.40),(2943,26,40,1,269.78),(2944,26,70,1,384.84),(2945,26,100,5,83.28),(2946,26,73,1,535.37),(2947,26,78,3,182.35),(2948,27,68,3,23.98),(2949,28,72,4,394.23),(2950,28,52,3,19.74),(2951,28,73,5,535.37),(2952,28,26,3,11.18),(2953,28,69,2,54.72),(2954,28,15,3,57.35),(2955,28,32,4,5.89),(2956,29,53,4,119.21),(2957,30,95,1,301.54),(2958,30,4,3,25.00),(2959,30,65,5,338.68),(2960,30,6,3,424.96),(2961,30,46,5,412.21),(2962,30,71,3,17.40),(2963,30,97,4,148.59),(2964,30,85,2,180.32),(2965,30,16,3,172.51),(2966,30,26,3,11.18),(2967,31,15,1,57.35),(2968,31,5,4,24.62),(2969,31,60,2,145.38),(2970,31,86,2,526.34),(2971,31,23,4,26.80),(2972,31,79,1,26.40),(2973,31,4,2,25.00),(2974,32,48,2,370.95),(2975,32,93,1,120.70),(2976,32,84,3,81.53),(2977,32,75,2,146.44),(2978,32,29,4,160.64),(2979,32,30,2,201.07),(2980,32,67,4,114.08),(2981,33,44,5,18.30),(2982,33,77,3,218.83),(2983,33,60,5,145.38),(2984,33,42,5,85.14),(2985,33,87,3,21.71),(2986,33,15,4,57.35),(2987,33,19,4,120.59),(2988,33,16,5,172.51),(2989,33,52,1,19.74),(2990,34,2,1,150.00),(2991,34,9,5,40.14),(2992,34,70,2,384.84),(2993,35,85,2,180.32),(2994,35,84,2,81.53),(2995,35,39,5,309.28),(2996,35,49,1,288.66),(2997,35,7,5,13.22),(2998,35,78,1,182.35),(2999,36,42,2,85.14),(3000,36,81,2,189.78),(3001,36,41,2,319.05),(3002,36,89,4,382.36),(3003,36,71,4,17.40),(3004,36,61,5,1035.43),(3005,36,70,2,384.84),(3006,36,16,5,172.51),(3007,37,8,3,649.39),(3008,37,85,4,180.32),(3009,37,80,4,249.34),(3010,37,52,4,19.74),(3011,37,43,5,42.78),(3012,37,32,2,5.89),(3013,37,30,1,201.07),(3014,37,40,2,269.78),(3015,37,66,5,1069.26),(3016,38,100,4,83.28),(3017,38,52,1,19.74),(3018,38,32,2,5.89),(3019,38,89,3,382.36),(3020,38,81,2,189.78),(3021,38,53,1,119.21),(3022,39,44,1,18.30),(3023,39,38,1,322.80),(3024,39,63,1,137.70),(3025,39,88,5,13.74),(3026,39,23,5,26.80),(3027,39,45,5,235.24),(3028,39,11,1,568.07),(3029,39,59,5,620.40),(3030,39,56,1,336.31),(3031,39,46,4,412.21),(3032,40,8,5,649.39),(3033,40,56,1,336.31),(3034,40,69,4,54.72),(3035,40,5,1,24.62),(3036,40,34,4,240.92),(3037,41,28,4,678.89),(3038,41,30,5,201.07),(3039,41,12,2,26.68),(3040,41,89,2,382.36),(3041,41,34,4,240.92),(3042,41,35,5,95.01),(3043,41,4,1,25.00),(3044,41,76,2,29.24),(3045,41,31,3,726.01),(3046,41,2,4,150.00),(3047,42,87,1,21.71),(3048,42,67,4,114.08),(3049,43,28,2,678.89),(3050,43,7,4,13.22),(3051,43,37,2,727.61),(3052,43,35,2,95.01),(3053,44,61,5,1035.43),(3054,44,45,1,235.24),(3055,44,24,2,140.64),(3056,44,79,2,26.40),(3057,44,82,5,141.82),(3058,44,35,5,95.01),(3059,44,94,1,22.72),(3060,45,13,5,72.86),(3061,45,67,4,114.08),(3062,45,25,3,341.07),(3063,45,58,5,79.90),(3064,45,43,4,42.78),(3065,45,7,5,13.22),(3066,46,87,2,21.71),(3067,46,12,2,26.68),(3068,46,95,5,301.54),(3069,46,68,3,23.98),(3070,47,24,4,140.64),(3071,47,17,1,226.37),(3072,48,22,2,230.33),(3073,48,15,5,57.35),(3074,48,42,1,85.14),(3075,48,36,4,848.27),(3076,48,66,4,1069.26),(3077,48,47,2,136.23),(3078,48,57,2,118.64),(3079,49,88,5,13.74),(3080,49,23,4,26.80),(3081,49,95,5,301.54),(3082,49,36,3,848.27),(3083,49,17,2,226.37),(3084,49,25,3,341.07),(3085,49,76,2,29.24),(3086,49,97,5,148.59),(3087,49,77,5,218.83),(3088,50,72,2,394.23),(3089,50,27,1,654.91),(3090,50,10,2,47.80),(3091,50,42,1,85.14),(3092,50,15,1,57.35),(3093,50,33,4,743.20),(3094,50,41,2,319.05),(3095,50,62,5,764.84),(3096,51,63,2,137.70),(3097,51,8,3,649.39),(3098,51,30,4,201.07),(3099,52,83,2,177.83),(3100,52,13,4,72.86),(3101,52,73,4,535.37),(3102,52,16,4,172.51),(3103,52,31,3,726.01),(3104,52,46,1,412.21),(3105,52,71,1,17.40),(3106,53,24,4,140.64),(3107,53,73,1,535.37),(3108,53,26,5,11.18),(3109,53,80,3,249.34),(3110,53,57,2,118.64),(3111,53,14,2,734.37),(3112,53,37,1,727.61),(3113,54,60,5,145.38),(3114,54,71,5,17.40),(3115,54,16,5,172.51),(3116,54,4,2,25.00),(3117,55,38,3,322.80),(3118,56,87,5,21.71),(3119,57,3,3,75.00),(3120,57,20,2,168.46),(3121,57,5,2,24.62),(3122,57,99,5,110.01),(3123,57,43,1,42.78),(3124,57,79,4,26.40),(3125,57,36,4,848.27),(3126,57,73,3,535.37),(3127,57,97,4,148.59),(3128,58,78,3,182.35),(3129,58,65,5,338.68),(3130,58,11,3,568.07),(3131,58,30,5,201.07),(3132,58,66,2,1069.26),(3133,58,13,5,72.86),(3134,58,32,3,5.89),(3135,58,67,1,114.08),(3136,58,95,3,301.54),(3137,59,39,5,309.28),(3138,59,10,4,47.80),(3139,59,43,5,42.78),(3140,59,6,1,424.96),(3141,59,67,5,114.08),(3142,60,78,2,182.35),(3143,60,88,3,13.74),(3144,60,84,5,81.53),(3145,60,62,2,764.84),(3146,60,51,4,528.49),(3147,60,24,2,140.64),(3148,61,26,4,11.18),(3149,61,28,1,678.89),(3150,61,95,3,301.54),(3151,61,52,5,19.74),(3152,61,90,3,270.24),(3153,61,45,2,235.24),(3154,61,10,1,47.80),(3155,61,57,3,118.64),(3156,61,62,3,764.84),(3157,61,40,5,269.78),(3158,62,30,2,201.07),(3159,62,96,3,138.81),(3160,62,32,4,5.89),(3161,62,72,5,394.23),(3162,62,19,1,120.59),(3163,62,83,4,177.83),(3164,62,20,4,168.46),(3165,63,18,5,468.28),(3166,63,83,1,177.83),(3167,63,52,4,19.74),(3168,63,63,1,137.70),(3169,63,26,4,11.18),(3170,64,83,2,177.83),(3171,64,38,1,322.80),(3172,64,12,1,26.68),(3173,64,1,3,500.00),(3174,64,68,4,23.98),(3175,64,75,3,146.44),(3176,64,89,3,382.36),(3177,64,17,3,226.37),(3178,64,85,2,180.32),(3179,65,90,3,270.24),(3180,65,59,1,620.40),(3181,65,31,1,726.01),(3182,65,28,5,678.89),(3183,66,70,4,384.84),(3184,66,23,4,26.80),(3185,66,20,2,168.46),(3186,66,94,2,22.72),(3187,66,71,2,17.40),(3188,66,39,2,309.28),(3189,66,41,3,319.05),(3190,66,99,2,110.01),(3191,66,28,4,678.89),(3192,66,95,5,301.54),(3193,67,36,5,848.27),(3194,67,11,3,568.07),(3195,68,9,4,40.14),(3196,68,92,5,110.17),(3197,68,20,1,168.46),(3198,68,63,1,137.70),(3199,68,76,4,29.24),(3200,69,8,3,649.39),(3201,69,20,3,168.46),(3202,69,29,5,160.64),(3203,69,79,3,26.40),(3204,69,38,4,322.80),(3205,69,44,3,18.30),(3206,69,12,1,26.68),(3207,69,93,3,120.70),(3208,69,31,3,726.01),(3209,69,9,2,40.14),(3210,70,76,3,29.24),(3211,70,94,5,22.72),(3212,70,23,3,26.80),(3213,70,3,5,75.00),(3214,70,85,4,180.32),(3215,70,29,2,160.64),(3216,70,42,4,85.14),(3217,70,60,1,145.38),(3218,71,79,2,26.40),(3219,71,50,4,141.81),(3220,71,64,1,201.71),(3221,71,66,5,1069.26),(3222,71,13,1,72.86),(3223,71,57,2,118.64),(3224,71,18,4,468.28),(3225,71,32,2,5.89),(3226,72,1,1,500.00),(3227,72,53,5,119.21),(3228,72,64,2,201.71),(3229,72,61,3,1035.43),(3230,72,33,2,743.20),(3231,72,99,2,110.01),(3232,72,66,2,1069.26),(3233,72,74,3,153.52),(3234,72,78,3,182.35),(3235,73,26,3,11.18),(3236,73,81,1,189.78),(3237,73,93,4,120.70),(3238,73,82,1,141.82),(3239,73,1,1,500.00),(3240,73,98,4,1093.65),(3241,73,50,5,141.81),(3242,74,21,3,51.25),(3243,74,32,2,5.89),(3244,74,89,3,382.36),(3245,74,69,4,54.72),(3246,74,39,4,309.28),(3247,74,73,2,535.37),(3248,74,35,4,95.01),(3249,75,14,5,734.37),(3250,75,62,2,764.84),(3251,75,35,2,95.01),(3252,75,22,1,230.33),(3253,75,25,3,341.07),(3254,75,43,5,42.78),(3255,75,74,2,153.52),(3256,75,19,4,120.59),(3257,76,49,4,288.66),(3258,76,37,2,727.61),(3259,77,30,5,201.07),(3260,77,23,5,26.80),(3261,77,77,1,218.83),(3262,77,55,3,564.97),(3263,77,22,3,230.33),(3264,77,10,5,47.80),(3265,77,50,4,141.81),(3266,77,79,1,26.40),(3267,78,53,5,119.21),(3268,79,61,3,1035.43),(3269,79,97,3,148.59),(3270,79,80,4,249.34),(3271,79,28,5,678.89),(3272,79,12,1,26.68),(3273,79,57,3,118.64),(3274,79,34,5,240.92),(3275,79,21,1,51.25),(3276,79,95,5,301.54),(3277,79,5,1,24.62),(3278,80,20,5,168.46),(3279,80,33,4,743.20),(3280,80,46,5,412.21),(3281,80,72,4,394.23),(3282,81,50,3,141.81),(3283,82,48,5,370.95),(3284,82,44,5,18.30),(3285,82,2,4,150.00),(3286,82,25,1,341.07),(3287,83,41,2,319.05),(3288,83,58,4,79.90),(3289,83,93,3,120.70),(3290,83,5,1,24.62),(3291,83,60,4,145.38),(3292,83,36,1,848.27),(3293,83,42,3,85.14),(3294,84,43,1,42.78),(3295,84,9,1,40.14),(3296,84,100,2,83.28),(3297,85,27,1,654.91),(3298,85,91,1,127.78),(3299,85,53,1,119.21),(3300,85,57,4,118.64),(3301,85,17,3,226.37),(3302,85,12,5,26.68),(3303,85,89,2,382.36),(3304,85,9,2,40.14),(3305,86,42,1,85.14),(3306,86,16,5,172.51),(3307,86,57,5,118.64),(3308,86,61,5,1035.43),(3309,86,41,1,319.05),(3310,86,18,5,468.28),(3311,86,21,3,51.25),(3312,86,53,4,119.21),(3313,87,40,1,269.78),(3314,87,93,2,120.70),(3315,87,82,2,141.82),(3316,88,36,5,848.27),(3317,88,23,1,26.80),(3318,88,37,1,727.61),(3319,88,42,2,85.14),(3320,88,79,5,26.40),(3321,88,61,5,1035.43),(3322,88,63,1,137.70),(3323,88,73,1,535.37),(3324,88,38,4,322.80),(3325,88,78,3,182.35),(3326,89,61,3,1035.43),(3327,89,23,5,26.80),(3328,89,81,5,189.78),(3329,89,33,1,743.20),(3330,89,66,2,1069.26),(3331,89,6,3,424.96),(3332,89,41,2,319.05),(3333,89,100,1,83.28),(3334,90,58,4,79.90),(3335,90,17,3,226.37),(3336,90,36,3,848.27),(3337,90,22,4,230.33),(3338,90,95,4,301.54),(3339,90,26,2,11.18),(3340,90,59,5,620.40),(3341,90,15,1,57.35),(3342,91,60,1,145.38),(3343,91,18,3,468.28),(3344,91,67,3,114.08),(3345,91,75,5,146.44),(3346,92,87,2,21.71),(3347,93,96,2,138.81),(3348,93,68,3,23.98),(3349,93,91,2,127.78),(3350,93,76,2,29.24),(3351,94,23,1,26.80),(3352,94,17,2,226.37),(3353,94,49,3,288.66),(3354,94,57,3,118.64),(3355,94,77,2,218.83),(3356,95,81,3,189.78),(3357,95,43,1,42.78),(3358,95,18,5,468.28),(3359,95,80,4,249.34),(3360,95,9,2,40.14),(3361,95,38,4,322.80),(3362,96,61,3,1035.43),(3363,96,65,4,338.68),(3364,96,53,3,119.21),(3365,96,51,4,528.49),(3366,96,46,1,412.21),(3367,96,84,2,81.53),(3368,97,97,4,148.59),(3369,97,27,1,654.91),(3370,97,42,2,85.14),(3371,97,61,4,1035.43),(3372,97,93,2,120.70),(3373,97,12,3,26.68),(3374,97,48,3,370.95),(3375,98,80,2,249.34),(3376,98,83,4,177.83),(3377,98,44,3,18.30),(3378,98,47,4,136.23),(3379,98,59,1,620.40),(3380,98,17,4,226.37),(3381,98,39,2,309.28),(3382,99,4,4,25.00),(3383,99,60,4,145.38),(3384,99,59,1,620.40),(3385,99,99,3,110.01),(3386,99,98,4,1093.65),(3387,99,19,3,120.59),(3388,100,32,2,5.89),(3389,100,37,5,727.61),(3390,100,68,2,23.98),(3391,101,10,3,47.80),(3392,101,48,3,370.95),(3393,101,71,1,17.40),(3394,101,54,2,108.02),(3395,101,81,2,189.78),(3396,101,34,4,240.92),(3397,101,84,2,81.53),(3398,101,2,4,150.00),(3399,101,99,2,110.01),(3400,101,63,2,137.70),(3401,102,68,4,23.98),(3402,102,92,2,110.17),(3403,102,21,5,51.25),(3404,102,37,4,727.61),(3405,102,41,4,319.05),(3406,102,78,5,182.35),(3407,102,11,1,568.07),(3408,102,98,3,1093.65),(3409,102,50,2,141.81),(3410,102,38,4,322.80),(3411,103,48,5,370.95),(3412,103,71,1,17.40),(3413,103,80,5,249.34),(3414,103,83,3,177.83),(3415,103,6,4,424.96),(3416,103,95,3,301.54),(3417,103,11,4,568.07),(3418,103,72,5,394.23),(3419,103,94,5,22.72),(3420,104,18,3,468.28),(3421,104,38,4,322.80),(3422,104,83,2,177.83),(3423,104,6,2,424.96),(3424,105,10,2,47.80),(3425,105,57,3,118.64),(3426,105,39,2,309.28),(3427,105,78,2,182.35),(3428,105,38,2,322.80),(3429,105,20,4,168.46),(3430,105,61,3,1035.43),(3431,105,89,2,382.36),(3432,105,14,3,734.37),(3433,106,98,1,1093.65),(3434,106,29,3,160.64),(3435,106,55,3,564.97),(3436,106,16,1,172.51),(3437,106,84,4,81.53),(3438,106,77,1,218.83),(3439,106,17,1,226.37),(3440,107,47,1,136.23),(3441,107,49,1,288.66),(3442,107,56,3,336.31),(3443,107,98,3,1093.65),(3444,107,52,2,19.74),(3445,107,83,4,177.83),(3446,107,44,5,18.30),(3447,107,36,2,848.27),(3448,107,85,4,180.32),(3449,108,37,2,727.61),(3450,108,8,2,649.39),(3451,108,4,5,25.00),(3452,108,39,2,309.28),(3453,108,20,4,168.46),(3454,108,18,5,468.28),(3455,109,86,1,526.34),(3456,109,60,2,145.38),(3457,109,29,2,160.64),(3458,110,68,4,23.98),(3459,110,80,4,249.34),(3460,110,61,1,1035.43),(3461,110,71,1,17.40),(3462,110,88,5,13.74),(3463,110,6,4,424.96),(3464,110,56,1,336.31),(3465,110,18,1,468.28),(3466,110,16,2,172.51),(3467,111,93,4,120.70),(3468,111,81,2,189.78),(3469,111,34,1,240.92),(3470,111,36,1,848.27),(3471,111,9,3,40.14),(3472,112,30,5,201.07),(3473,112,63,3,137.70),(3474,112,38,4,322.80),(3475,112,19,5,120.59),(3476,112,75,5,146.44),(3477,113,93,3,120.70),(3478,114,21,4,51.25),(3479,114,44,2,18.30),(3480,114,65,5,338.68),(3481,114,82,1,141.82),(3482,114,72,3,394.23),(3483,115,99,3,110.01),(3484,115,50,4,141.81),(3485,115,7,2,13.22),(3486,115,84,2,81.53),(3487,115,27,5,654.91),(3488,115,13,5,72.86),(3489,115,75,5,146.44),(3490,115,64,2,201.71),(3491,116,90,3,270.24),(3492,116,77,5,218.83),(3493,116,29,2,160.64),(3494,117,94,1,22.72),(3495,117,92,5,110.17),(3496,117,33,1,743.20),(3497,118,18,2,468.28),(3498,118,89,4,382.36),(3499,118,66,5,1069.26),(3500,118,39,3,309.28),(3501,118,96,5,138.81),(3502,118,59,5,620.40),(3503,118,78,1,182.35),(3504,119,81,3,189.78),(3505,119,65,4,338.68),(3506,120,22,2,230.33),(3507,120,49,1,288.66),(3508,120,65,3,338.68),(3509,120,30,4,201.07),(3510,120,47,4,136.23),(3511,121,70,5,384.84),(3512,121,35,2,95.01),(3513,121,91,5,127.78),(3514,121,56,2,336.31),(3515,121,96,3,138.81),(3516,121,74,5,153.52),(3517,122,82,4,141.82),(3518,122,64,1,201.71),(3519,122,51,1,528.49),(3520,122,38,3,322.80),(3521,122,42,1,85.14),(3522,122,18,4,468.28),(3523,122,1,1,500.00),(3524,122,72,5,394.23),(3525,122,75,3,146.44),(3526,123,29,1,160.64),(3527,123,66,2,1069.26),(3528,123,3,5,75.00),(3529,123,69,4,54.72),(3530,123,47,5,136.23),(3531,123,80,5,249.34),(3532,124,26,5,11.18),(3533,124,92,5,110.17),(3534,124,76,1,29.24),(3535,124,97,3,148.59),(3536,124,4,1,25.00),(3537,124,24,3,140.64),(3538,124,72,1,394.23),(3539,124,44,2,18.30),(3540,124,8,3,649.39),(3541,124,95,2,301.54),(3542,125,89,4,382.36),(3543,126,7,1,13.22),(3544,126,41,2,319.05),(3545,126,34,4,240.92),(3546,126,15,1,57.35),(3547,126,48,2,370.95),(3548,126,14,3,734.37),(3549,126,11,5,568.07),(3550,126,26,3,11.18),(3551,126,57,5,118.64),(3552,127,76,1,29.24),(3553,127,62,3,764.84),(3554,127,54,2,108.02),(3555,127,32,4,5.89),(3556,127,43,5,42.78),(3557,127,19,4,120.59),(3558,127,23,1,26.80),(3559,127,14,2,734.37),(3560,128,18,5,468.28),(3561,128,26,2,11.18),(3562,128,96,1,138.81),(3563,128,93,2,120.70),(3564,129,91,1,127.78),(3565,130,23,5,26.80),(3566,130,94,3,22.72),(3567,130,20,5,168.46),(3568,130,80,4,249.34),(3569,130,46,1,412.21),(3570,130,95,5,301.54),(3571,131,20,4,168.46),(3572,131,51,3,528.49),(3573,131,39,2,309.28),(3574,131,63,2,137.70),(3575,131,55,4,564.97),(3576,131,88,3,13.74),(3577,131,43,4,42.78),(3578,131,9,5,40.14),(3579,132,36,2,848.27),(3580,132,33,4,743.20),(3581,132,22,5,230.33),(3582,132,21,3,51.25),(3583,132,31,3,726.01),(3584,132,26,5,11.18),(3585,132,2,3,150.00),(3586,132,62,5,764.84),(3587,132,11,5,568.07),(3588,132,68,4,23.98),(3589,133,11,1,568.07),(3590,133,44,1,18.30),(3591,133,96,1,138.81),(3592,133,81,1,189.78),(3593,133,45,5,235.24),(3594,133,24,4,140.64),(3595,134,15,4,57.35),(3596,134,78,2,182.35),(3597,134,46,5,412.21),(3598,135,3,5,75.00),(3599,135,30,4,201.07),(3600,135,1,3,500.00),(3601,135,29,2,160.64),(3602,135,66,1,1069.26),(3603,136,38,4,322.80),(3604,137,18,3,468.28),(3605,137,2,5,150.00),(3606,137,63,4,137.70),(3607,137,75,2,146.44),(3608,137,92,4,110.17),(3609,137,49,2,288.66),(3610,137,98,1,1093.65),(3611,137,61,2,1035.43),(3612,137,45,1,235.24),(3613,137,60,4,145.38),(3614,138,55,4,564.97),(3615,138,39,5,309.28),(3616,138,85,4,180.32),(3617,139,69,3,54.72),(3618,139,70,5,384.84),(3619,139,49,1,288.66),(3620,140,23,5,26.80),(3621,140,94,3,22.72),(3622,140,34,2,240.92),(3623,141,63,1,137.70),(3624,141,12,5,26.68),(3625,141,24,1,140.64),(3626,141,35,1,95.01),(3627,141,44,5,18.30),(3628,141,96,4,138.81),(3629,141,74,3,153.52),(3630,142,84,2,81.53),(3631,142,13,1,72.86),(3632,142,58,2,79.90),(3633,143,49,1,288.66),(3634,143,45,1,235.24),(3635,143,94,4,22.72),(3636,143,68,3,23.98),(3637,143,80,2,249.34),(3638,143,78,3,182.35),(3639,143,66,2,1069.26),(3640,143,93,2,120.70),(3641,144,48,2,370.95),(3642,144,23,3,26.80),(3643,144,84,1,81.53),(3644,144,75,5,146.44),(3645,144,88,4,13.74),(3646,144,4,5,25.00),(3647,144,45,3,235.24),(3648,144,13,3,72.86),(3649,144,1,4,500.00),(3650,144,20,2,168.46),(3651,145,26,5,11.18),(3652,145,14,1,734.37),(3653,145,12,3,26.68),(3654,145,13,5,72.86),(3655,145,71,4,17.40),(3656,145,90,5,270.24),(3657,145,58,3,79.90),(3658,145,92,4,110.17),(3659,145,62,2,764.84),(3660,145,41,4,319.05),(3661,146,97,4,148.59),(3662,146,47,4,136.23),(3663,146,68,4,23.98),(3664,146,79,4,26.40),(3665,146,69,3,54.72),(3666,146,36,4,848.27),(3667,147,9,1,40.14),(3668,147,63,3,137.70),(3669,148,81,4,189.78),(3670,148,53,4,119.21),(3671,148,85,2,180.32),(3672,149,80,2,249.34),(3673,149,32,5,5.89),(3674,149,13,4,72.86);
/*!40000 ALTER TABLE `salesorderdetails` ENABLE KEYS */;
COMMIT TRANSACTION;

BEGIN TRANSACTION;

-- Perform the bulk insert
INSERT INTO salesorderdetails (OrderDetailID, OrderID, ProductID, Quantity, UnitPrice)
VALUES 
(3675,149,82,4,141.82),(3676,149,88,1,13.74),(3677,149,68,2,23.98),(3678,149,27,2,654.91),(3679,149,41,1,319.05),(3680,150,47,4,136.23),(3681,150,13,3,72.86),(3682,150,93,3,120.70),(3683,150,49,4,288.66),(3684,150,5,2,24.62),(3685,150,57,4,118.64),(3686,150,90,1,270.24),(3687,150,86,5,526.34),(3688,150,87,3,21.71),(3689,151,91,4,127.78),(3690,151,48,1,370.95),(3691,151,39,4,309.28),(3692,152,33,5,743.20),(3693,152,32,4,5.89),(3694,152,5,5,24.62),(3695,152,68,2,23.98),(3696,152,88,3,13.74),(3697,152,70,3,384.84),(3698,152,76,2,29.24),(3699,153,72,1,394.23),(3700,153,90,5,270.24),(3701,153,45,2,235.24),(3702,153,59,5,620.40),(3703,154,20,1,168.46),(3704,154,89,1,382.36),(3705,154,39,2,309.28),(3706,155,28,1,678.89),(3707,155,11,3,568.07),(3708,155,61,4,1035.43),(3709,155,60,3,145.38),(3710,155,79,5,26.40),(3711,155,78,4,182.35),(3712,155,69,1,54.72),(3713,155,67,1,114.08),(3714,155,72,2,394.23),(3715,155,9,4,40.14),(3716,156,8,3,649.39),(3717,156,91,2,127.78),(3718,156,77,3,218.83),(3719,156,66,3,1069.26),(3720,156,11,3,568.07),(3721,156,76,3,29.24),(3722,156,63,2,137.70),(3723,156,72,5,394.23),(3724,156,35,5,95.01),(3725,157,81,5,189.78),(3726,157,12,5,26.68),(3727,157,5,4,24.62),(3728,157,6,2,424.96),(3729,157,48,3,370.95),(3730,157,79,3,26.40),(3731,157,59,2,620.40),(3732,157,77,2,218.83),(3733,157,4,3,25.00),(3734,157,11,5,568.07),(3735,158,21,3,51.25),(3736,158,8,1,649.39),(3737,158,96,2,138.81),(3738,158,27,1,654.91),(3739,159,16,5,172.51),(3740,159,92,2,110.17),(3741,159,91,5,127.78),(3742,159,27,5,654.91),(3743,159,79,1,26.40),(3744,159,69,3,54.72),(3745,159,1,2,500.00),(3746,159,87,5,21.71),(3747,160,74,2,153.52),(3748,161,23,4,26.80),(3749,161,13,1,72.86),(3750,161,83,3,177.83),(3751,161,32,2,5.89),(3752,161,38,2,322.80),(3753,161,52,2,19.74),(3754,161,15,4,57.35),(3755,161,80,2,249.34),(3756,162,73,4,535.37),(3757,162,98,4,1093.65),(3758,162,19,2,120.59),(3759,162,63,2,137.70),(3760,162,36,4,848.27),(3761,162,90,4,270.24),(3762,162,26,3,11.18),(3763,162,23,3,26.80),(3764,163,79,5,26.40),(3765,163,84,1,81.53),(3766,163,59,3,620.40),(3767,163,40,5,269.78),(3768,163,19,2,120.59),(3769,163,72,5,394.23),(3770,164,97,5,148.59),(3771,164,81,4,189.78),(3772,164,47,4,136.23),(3773,165,70,2,384.84),(3774,165,25,3,341.07),(3775,166,33,4,743.20),(3776,166,86,5,526.34),(3777,166,31,5,726.01),(3778,166,76,4,29.24),(3779,166,98,1,1093.65),(3780,167,90,1,270.24),(3781,167,93,1,120.70),(3782,167,62,1,764.84),(3783,167,89,1,382.36),(3784,168,18,2,468.28),(3785,169,49,2,288.66),(3786,169,28,3,678.89),(3787,170,2,2,150.00),(3788,170,46,4,412.21),(3789,170,17,5,226.37),(3790,170,27,4,654.91),(3791,170,93,4,120.70),(3792,170,68,1,23.98),(3793,170,58,4,79.90),(3794,170,35,4,95.01),(3795,170,32,2,5.89),(3796,171,32,4,5.89),(3797,171,22,5,230.33),(3798,171,84,1,81.53),(3799,171,52,4,19.74),(3800,171,5,1,24.62),(3801,171,67,5,114.08),(3802,171,39,5,309.28),(3803,172,8,4,649.39),(3804,172,89,5,382.36),(3805,172,26,5,11.18),(3806,172,43,5,42.78),(3807,172,37,5,727.61),(3808,172,22,5,230.33),(3809,172,98,1,1093.65),(3810,172,16,3,172.51),(3811,172,79,1,26.40),(3812,173,78,5,182.35),(3813,173,26,2,11.18),(3814,173,23,5,26.80),(3815,173,33,3,743.20),(3816,173,28,1,678.89),(3817,173,25,2,341.07),(3818,174,42,2,85.14),(3819,174,59,5,620.40),(3820,174,61,1,1035.43),(3821,175,26,1,11.18),(3822,175,22,2,230.33),(3823,175,10,3,47.80),(3824,175,11,2,568.07),(3825,176,38,3,322.80),(3826,176,75,3,146.44),(3827,176,83,1,177.83),(3828,177,35,2,95.01),(3829,177,43,2,42.78),(3830,177,16,5,172.51),(3831,177,38,1,322.80),(3832,177,51,4,528.49),(3833,177,54,5,108.02),(3834,178,10,4,47.80),(3835,178,95,3,301.54),(3836,178,83,5,177.83),(3837,178,1,1,500.00),(3838,179,43,1,42.78),(3839,179,88,3,13.74),(3840,179,29,5,160.64),(3841,180,40,1,269.78),(3842,180,1,1,500.00),(3843,180,97,5,148.59),(3844,181,27,3,654.91),(3845,181,34,1,240.92),(3846,182,73,1,535.37),(3847,182,49,4,288.66),(3848,182,10,4,47.80),(3849,182,92,4,110.17),(3850,182,51,1,528.49),(3851,182,83,2,177.83),(3852,183,74,4,153.52),(3853,183,36,2,848.27),(3854,183,87,1,21.71),(3855,183,62,2,764.84),(3856,184,51,2,528.49),(3857,184,92,3,110.17),(3858,184,89,5,382.36),(3859,184,18,2,468.28),(3860,184,48,5,370.95),(3861,184,5,3,24.62),(3862,184,4,4,25.00),(3863,184,74,5,153.52),(3864,184,73,2,535.37),(3865,184,15,5,57.35),(3866,185,49,1,288.66),(3867,185,48,2,370.95),(3868,185,1,5,500.00),(3869,185,31,1,726.01),(3870,185,16,2,172.51),(3871,185,94,2,22.72),(3872,186,2,1,150.00),(3873,186,86,2,526.34),(3874,187,15,4,57.35),(3875,187,87,2,21.71),(3876,187,57,1,118.64),(3877,187,69,3,54.72),(3878,187,85,3,180.32),(3879,187,92,4,110.17),(3880,187,38,5,322.80),(3881,187,19,4,120.59),(3882,187,66,3,1069.26),(3883,187,2,1,150.00),(3884,188,17,4,226.37),(3885,188,62,4,764.84),(3886,188,8,5,649.39),(3887,188,74,5,153.52),(3888,188,3,2,75.00),(3889,188,18,5,468.28),(3890,188,71,5,17.40),(3891,188,88,2,13.74),(3892,188,33,2,743.20),(3893,189,90,3,270.24),(3894,189,66,1,1069.26),(3895,189,77,4,218.83),(3896,189,3,3,75.00),(3897,189,45,5,235.24),(3898,189,49,3,288.66),(3899,189,73,4,535.37),(3900,189,72,4,394.23),(3901,190,27,3,654.91),(3902,190,1,3,500.00),(3903,190,6,1,424.96),(3904,190,7,4,13.22),(3905,191,64,4,201.71),(3906,191,4,2,25.00),(3907,191,84,5,81.53),(3908,191,43,5,42.78),(3909,191,65,2,338.68),(3910,192,36,2,848.27),(3911,192,6,5,424.96),(3912,192,96,1,138.81),(3913,193,82,5,141.82),(3914,193,90,4,270.24),(3915,193,11,5,568.07),(3916,193,16,2,172.51),(3917,193,54,4,108.02),(3918,193,36,5,848.27),(3919,193,25,1,341.07),(3920,193,94,3,22.72),(3921,193,33,2,743.20),(3922,193,75,5,146.44),(3923,194,81,5,189.78),(3924,195,19,5,120.59),(3925,195,73,3,535.37),(3926,195,87,1,21.71),(3927,195,14,1,734.37),(3928,195,50,5,141.81),(3929,195,62,1,764.84),(3930,195,52,3,19.74),(3931,195,68,3,23.98),(3932,196,68,4,23.98),(3933,196,25,2,341.07),(3934,196,80,4,249.34),(3935,196,97,2,148.59),(3936,196,92,5,110.17),(3937,196,21,1,51.25),(3938,196,85,3,180.32),(3939,196,37,5,727.61),(3940,196,77,2,218.83),(3941,197,15,4,57.35),(3942,197,90,3,270.24),(3943,197,55,2,564.97),(3944,197,67,5,114.08),(3945,198,58,2,79.90),(3946,198,1,3,500.00),(3947,199,57,2,118.64),(3948,199,96,5,138.81),(3949,199,92,1,110.17),(3950,199,5,3,24.62),(3951,199,87,4,21.71),(3952,199,100,3,83.28),(3953,199,23,3,26.80),(3954,199,19,4,120.59),(3955,199,34,2,240.92),(3956,199,52,4,19.74),(3957,200,93,2,120.70),(3958,200,18,5,468.28),(3959,200,5,5,24.62),(3960,200,66,1,1069.26),(3961,200,80,5,249.34),(3962,201,40,5,269.78),(3963,201,97,2,148.59),(3964,201,49,2,288.66),(3965,202,68,4,23.98),(3966,202,43,3,42.78),(3967,202,27,2,654.91),(3968,203,24,5,140.64),(3969,203,3,2,75.00),(3970,203,43,2,42.78),(3971,203,30,1,201.07),(3972,203,56,4,336.31),(3973,203,32,4,5.89),(3974,204,34,4,240.92),(3975,204,69,2,54.72),(3976,204,28,1,678.89),(3977,204,23,1,26.80),(3978,204,82,2,141.82),(3979,204,3,3,75.00),(3980,204,66,4,1069.26),(3981,205,86,1,526.34),(3982,205,83,2,177.83),(3983,206,100,2,83.28),(3984,206,10,2,47.80),(3985,206,17,5,226.37),(3986,206,25,4,341.07),(3987,206,67,5,114.08),(3988,206,30,5,201.07),(3989,207,48,2,370.95),(3990,208,49,5,288.66),(3991,208,98,2,1093.65),(3992,208,31,1,726.01),(3993,208,22,1,230.33),(3994,208,92,4,110.17),(3995,209,74,4,153.52),(3996,209,58,2,79.90),(3997,209,24,4,140.64),(3998,209,71,4,17.40),(3999,209,81,1,189.78),(4000,209,37,3,727.61),(4001,209,78,5,182.35),(4002,209,48,1,370.95),(4003,209,38,1,322.80),(4004,210,78,2,182.35),(4005,210,58,3,79.90),(4006,210,55,2,564.97),(4007,210,42,2,85.14),(4008,210,32,5,5.89),(4009,210,29,2,160.64),(4010,210,52,2,19.74),(4011,210,13,4,72.86),(4012,211,95,2,301.54),(4013,211,31,4,726.01),(4014,211,69,3,54.72),(4015,211,8,2,649.39),(4016,211,28,1,678.89),(4017,211,99,2,110.01),(4018,211,42,1,85.14),(4019,211,67,4,114.08),(4020,211,60,1,145.38),(4021,211,56,5,336.31),(4022,212,74,1,153.52),(4023,212,29,4,160.64),(4024,212,94,5,22.72),(4025,212,82,5,141.82),(4026,212,60,3,145.38),(4027,213,35,3,95.01),(4028,213,56,2,336.31),(4029,213,100,5,83.28),(4030,213,8,5,649.39),(4031,213,58,1,79.90),(4032,213,96,1,138.81),(4033,213,49,3,288.66),(4034,213,53,1,119.21),(4035,213,20,4,168.46),(4036,213,92,4,110.17),(4037,214,34,5,240.92),(4038,214,62,5,764.84),(4039,214,97,5,148.59),(4040,214,10,1,47.80),(4041,214,95,2,301.54),(4042,214,28,3,678.89),(4043,214,47,4,136.23),(4044,214,40,3,269.78),(4045,215,79,5,26.40),(4046,215,65,1,338.68),(4047,215,67,5,114.08),(4048,215,37,4,727.61),(4049,216,99,1,110.01),(4050,216,88,4,13.74),(4051,216,39,2,309.28),(4052,216,30,5,201.07),(4053,217,84,5,81.53),(4054,218,84,2,81.53),(4055,218,87,4,21.71),(4056,218,80,2,249.34),(4057,218,70,2,384.84),(4058,218,7,2,13.22),(4059,218,97,1,148.59),(4060,218,8,1,649.39),(4061,218,53,4,119.21),(4062,218,91,3,127.78),(4063,219,91,3,127.78),(4064,219,86,1,526.34),(4065,219,31,1,726.01),(4066,219,24,2,140.64),(4067,219,49,3,288.66),(4068,220,79,5,26.40),(4069,220,67,1,114.08),(4070,220,57,1,118.64),(4071,220,45,5,235.24),(4072,220,84,5,81.53),(4073,220,68,1,23.98),(4074,220,69,3,54.72),(4075,220,99,3,110.01),(4076,220,95,5,301.54),(4077,221,16,1,172.51),(4078,221,59,1,620.40),(4079,221,29,2,160.64),(4080,222,72,2,394.23),(4081,222,23,2,26.80),(4082,222,58,5,79.90),(4083,222,43,1,42.78),(4084,222,81,3,189.78),(4085,222,4,2,25.00),(4086,222,66,1,1069.26),(4087,222,22,3,230.33),(4088,222,83,2,177.83),(4089,222,67,1,114.08),(4090,223,39,1,309.28),(4091,223,5,5,24.62),(4092,223,78,1,182.35),(4093,223,76,2,29.24),(4094,223,61,5,1035.43),(4095,223,31,5,726.01),(4096,223,14,4,734.37),(4097,223,80,4,249.34),(4098,223,36,3,848.27),(4099,224,58,2,79.90),(4100,224,49,5,288.66),(4101,224,22,2,230.33),(4102,224,59,1,620.40),(4103,225,66,5,1069.26),(4104,225,24,3,140.64),(4105,225,19,4,120.59),(4106,225,94,3,22.72),(4107,225,51,2,528.49),(4108,225,20,1,168.46),(4109,225,46,2,412.21),(4110,225,52,4,19.74),(4111,226,9,4,40.14),(4112,226,28,2,678.89),(4113,226,46,3,412.21),(4114,226,20,5,168.46),(4115,227,86,2,526.34),(4116,227,51,3,528.49),(4117,227,15,4,57.35),(4118,227,10,3,47.80),(4119,227,87,4,21.71),(4120,227,4,3,25.00),(4121,228,50,5,141.81),(4122,228,34,2,240.92),(4123,228,43,3,42.78),(4124,228,83,5,177.83),(4125,228,67,4,114.08),(4126,228,90,5,270.24),(4127,228,97,4,148.59),(4128,229,89,4,382.36),(4129,229,81,2,189.78),(4130,229,25,5,341.07),(4131,229,44,4,18.30),(4132,229,7,2,13.22),(4133,229,40,3,269.78),(4134,229,17,2,226.37),(4135,229,56,2,336.31),(4136,230,66,2,1069.26),(4137,231,76,1,29.24),(4138,231,97,1,148.59),(4139,231,20,1,168.46),(4140,231,38,1,322.80),(4141,231,90,5,270.24),(4142,231,87,3,21.71),(4143,231,33,3,743.20),(4144,231,22,5,230.33),(4145,232,67,1,114.08),(4146,233,78,3,182.35),(4147,233,93,4,120.70),(4148,234,27,2,654.91),(4149,235,66,3,1069.26),(4150,235,49,1,288.66),(4151,235,1,4,500.00),(4152,235,98,4,1093.65),(4153,235,57,3,118.64),(4154,235,32,5,5.89),(4155,235,11,1,568.07),(4156,235,53,1,119.21),(4157,235,87,1,21.71),(4158,236,6,2,424.96),(4159,237,10,1,47.80),(4160,237,78,4,182.35),(4161,237,35,2,95.01),(4162,238,96,3,138.81),(4163,238,19,4,120.59),(4164,238,73,2,535.37),(4165,238,86,4,526.34),(4166,238,99,3,110.01),(4167,238,41,3,319.05),(4168,238,88,4,13.74),(4169,238,37,3,727.61),(4170,238,26,4,11.18),(4171,238,45,5,235.24),(4172,239,67,4,114.08),(4173,239,49,2,288.66),(4174,239,29,4,160.64),(4175,239,47,4,136.23),(4176,239,27,1,654.91),(4177,239,6,5,424.96),(4178,239,73,1,535.37),(4179,239,98,4,1093.65),(4180,239,97,3,148.59),(4181,240,49,4,288.66),(4182,240,21,5,51.25),(4183,240,66,4,1069.26),(4184,240,48,4,370.95),(4185,240,19,1,120.59),(4186,240,8,2,649.39),(4187,240,6,3,424.96),(4188,240,85,5,180.32),(4189,240,30,1,201.07),(4190,240,71,1,17.40),(4191,241,75,1,146.44),(4192,241,54,4,108.02),(4193,241,51,2,528.49),(4194,241,14,4,734.37),(4195,241,10,5,47.80),(4196,241,34,2,240.92),(4197,241,38,3,322.80),(4198,241,81,5,189.78),(4199,242,45,4,235.24),(4200,243,49,2,288.66),(4201,243,2,4,150.00),(4202,244,68,4,23.98),(4203,244,86,2,526.34),(4204,245,23,2,26.80),(4205,246,16,1,172.51),(4206,246,58,5,79.90),(4207,246,10,4,47.80),(4208,246,17,2,226.37),(4209,246,63,1,137.70),(4210,246,66,5,1069.26),(4211,246,89,5,382.36),(4212,246,51,2,528.49),(4213,246,55,5,564.97),(4214,247,24,3,140.64),(4215,247,93,3,120.70),(4216,247,59,5,620.40),(4217,247,61,4,1035.43),(4218,247,20,4,168.46),(4219,247,9,2,40.14),(4220,247,69,2,54.72),(4221,247,90,5,270.24),(4222,247,16,2,172.51),(4223,248,84,5,81.53),(4224,248,25,1,341.07),(4225,248,43,4,42.78),(4226,248,10,1,47.80),(4227,248,94,4,22.72),(4228,248,35,2,95.01),(4229,249,11,4,568.07),(4230,249,23,3,26.80),(4231,249,51,5,528.49),(4232,249,14,3,734.37),(4233,249,85,1,180.32),(4234,249,88,5,13.74),(4235,249,43,2,42.78),(4236,250,84,4,81.53),(4237,250,64,2,201.71),(4238,250,41,2,319.05),(4239,250,78,5,182.35),(4240,250,95,1,301.54),(4241,250,22,2,230.33),(4242,250,100,4,83.28),(4243,250,15,1,57.35),(4244,250,66,2,1069.26),(4245,251,36,1,848.27),(4246,251,57,5,118.64),(4247,251,69,5,54.72),(4248,251,92,2,110.17),(4249,251,96,4,138.81),(4250,251,9,1,40.14),(4251,251,11,5,568.07),(4252,251,59,4,620.40),(4253,251,94,3,22.72),(4254,252,42,2,85.14),(4255,252,51,3,528.49),(4256,252,30,1,201.07),(4257,252,40,4,269.78),(4258,252,62,4,764.84),(4259,252,33,4,743.20),(4260,252,29,2,160.64),(4261,253,86,5,526.34),(4262,253,3,3,75.00),(4263,253,13,4,72.86),(4264,253,39,4,309.28),(4265,254,59,5,620.40),(4266,254,22,2,230.33),(4267,254,56,2,336.31),(4268,254,31,4,726.01),(4269,255,68,1,23.98),(4270,255,24,1,140.64),(4271,255,88,1,13.74),(4272,255,3,2,75.00),(4273,255,14,5,734.37),(4274,256,1,2,500.00),(4275,256,44,2,18.30),(4276,256,82,4,141.82),(4277,256,20,3,168.46),(4278,256,38,3,322.80),(4279,256,61,3,1035.43),(4280,256,57,5,118.64),(4281,257,53,2,119.21),(4282,257,26,3,11.18),(4283,257,52,3,19.74),(4284,258,37,4,727.61),(4285,258,8,2,649.39),(4286,258,66,2,1069.26),(4287,258,35,3,95.01),(4288,259,60,3,145.38),(4289,259,41,1,319.05),(4290,259,61,2,1035.43),(4291,259,95,1,301.54),(4292,260,12,5,26.68),(4293,260,69,1,54.72),(4294,260,35,4,95.01),(4295,261,33,3,743.20),(4296,261,14,3,734.37),(4297,261,37,3,727.61),(4298,261,89,1,382.36),(4299,261,75,3,146.44),(4300,261,91,2,127.78),(4301,261,41,3,319.05),(4302,261,5,4,24.62),(4303,261,10,4,47.80),(4304,261,36,2,848.27),(4305,262,5,4,24.62),(4306,262,84,1,81.53),(4307,262,16,3,172.51),(4308,262,12,2,26.68),(4309,263,89,2,382.36),(4310,263,13,3,72.86),(4311,263,46,5,412.21),(4312,263,98,2,1093.65),(4313,263,79,1,26.40),(4314,263,51,2,528.49),(4315,263,56,1,336.31),(4316,264,34,4,240.92),(4317,264,80,5,249.34),(4318,264,5,4,24.62),(4319,264,19,3,120.59),(4320,264,15,4,57.35),(4321,264,48,4,370.95),(4322,264,18,2,468.28),(4323,264,58,3,79.90),(4324,264,20,3,168.46),(4325,264,81,3,189.78),(4326,265,33,5,743.20),(4327,265,42,5,85.14),(4328,265,45,2,235.24),(4329,265,39,5,309.28),(4330,265,13,1,72.86),(4331,266,24,4,140.64),(4332,266,69,3,54.72),(4333,267,53,1,119.21),(4334,267,4,4,25.00),(4335,267,80,2,249.34),(4336,267,41,1,319.05),(4337,267,44,1,18.30),(4338,267,50,4,141.81),(4339,268,39,2,309.28),(4340,268,47,1,136.23),(4341,268,66,5,1069.26),(4342,269,82,2,141.82),(4343,269,26,2,11.18),(4344,269,56,5,336.31),(4345,269,92,1,110.17),(4346,269,74,3,153.52),(4347,269,51,3,528.49),(4348,269,72,4,394.23),(4349,269,2,5,150.00),(4350,269,5,1,24.62),(4351,269,37,3,727.61),(4352,270,74,2,153.52),(4353,270,76,5,29.24),(4354,271,48,2,370.95),(4355,271,78,3,182.35),(4356,271,82,2,141.82),(4357,271,31,1,726.01),(4358,271,71,4,17.40),(4359,271,8,3,649.39),(4360,272,45,4,235.24),(4361,272,83,2,177.83),(4362,272,72,5,394.23),(4363,273,29,5,160.64),(4364,273,48,3,370.95),(4365,273,94,2,22.72),(4366,273,15,3,57.35),(4367,274,26,3,11.18),(4368,274,21,3,51.25),(4369,274,70,3,384.84),(4370,274,99,4,110.01),(4371,274,1,1,500.00),(4372,275,95,5,301.54),(4373,275,12,1,26.68),(4374,275,22,1,230.33),(4375,276,28,2,678.89),(4376,276,29,4,160.64),(4377,276,16,4,172.51),(4378,276,12,1,26.68),(4379,276,43,3,42.78),(4380,276,74,1,153.52),(4381,276,22,3,230.33),(4382,276,48,5,370.95),(4383,277,57,3,118.64),(4384,277,44,3,18.30),(4385,277,55,4,564.97),(4386,277,63,1,137.70),(4387,277,77,3,218.83),(4388,277,18,3,468.28),(4389,277,66,1,1069.26),(4390,277,35,3,95.01),(4391,278,55,1,564.97),(4392,278,1,3,500.00),(4393,279,48,3,370.95),(4394,279,33,2,743.20),(4395,279,13,4,72.86),(4396,279,53,3,119.21),(4397,279,73,2,535.37),(4398,279,79,3,26.40),(4399,279,5,4,24.62),(4400,279,50,2,141.81),(4401,279,59,2,620.40),(4402,279,24,4,140.64),(4403,280,46,1,412.21),(4404,280,45,3,235.24),(4405,280,48,2,370.95),(4406,281,66,4,1069.26),(4407,281,98,1,1093.65),(4408,282,33,4,743.20),(4409,283,75,3,146.44),(4410,283,88,5,13.74),(4411,283,99,1,110.01),(4412,283,10,4,47.80),(4413,283,6,2,424.96),(4414,283,42,4,85.14),(4415,283,26,1,11.18),(4416,283,45,4,235.24),(4417,284,53,2,119.21),(4418,284,17,3,226.37),(4419,284,84,4,81.53),(4420,284,54,5,108.02),(4421,284,82,1,141.82),(4422,284,89,5,382.36),(4423,285,74,4,153.52),(4424,285,68,2,23.98),(4425,285,84,2,81.53),(4426,285,28,4,678.89),(4427,285,66,3,1069.26),(4428,286,49,1,288.66),(4429,287,5,1,24.62),(4430,287,85,5,180.32),(4431,287,38,3,322.80),(4432,288,60,3,145.38),(4433,288,75,5,146.44),(4434,288,74,4,153.52),(4435,288,83,4,177.83),(4436,288,37,1,727.61),(4437,288,16,3,172.51),(4438,288,5,1,24.62),(4439,288,68,4,23.98),(4440,288,38,4,322.80),(4441,289,93,3,120.70),(4442,290,48,4,370.95),(4443,290,65,5,338.68),(4444,290,32,4,5.89),(4445,290,42,1,85.14),(4446,290,91,1,127.78),(4447,290,51,4,528.49),(4448,291,30,1,201.07),(4449,292,92,5,110.17),(4450,292,17,4,226.37),(4451,292,33,1,743.20),(4452,292,32,4,5.89),(4453,292,28,2,678.89),(4454,293,71,5,17.40),(4455,293,88,4,13.74),(4456,293,26,2,11.18),(4457,293,55,4,564.97),(4458,293,90,5,270.24),(4459,293,52,1,19.74),(4460,293,20,5,168.46),(4461,294,4,3,25.00),(4462,294,12,2,26.68),(4463,294,45,3,235.24),(4464,294,37,3,727.61),(4465,295,18,3,468.28),(4466,295,1,4,500.00),(4467,295,90,5,270.24),(4468,295,52,3,19.74),(4469,295,75,1,146.44),(4470,295,36,4,848.27),(4471,295,12,1,26.68),(4472,296,75,5,146.44),(4473,296,92,2,110.17),(4474,296,21,4,51.25),(4475,297,34,4,240.92),(4476,297,21,5,51.25),(4477,297,24,1,140.64),(4478,297,91,4,127.78),(4479,297,65,4,338.68),(4480,297,93,2,120.70),(4481,297,8,1,649.39),(4482,297,92,2,110.17),(4483,298,14,3,734.37),(4484,298,53,5,119.21),(4485,298,19,5,120.59),(4486,298,56,5,336.31),(4487,298,77,5,218.83),(4488,298,47,1,136.23),(4489,298,22,3,230.33),(4490,298,9,5,40.14),(4491,299,3,1,75.00),(4492,299,54,4,108.02),(4493,299,32,3,5.89),(4494,299,28,2,678.89),(4495,299,95,5,301.54),(4496,299,80,4,249.34),(4497,299,38,2,322.80),(4498,299,53,5,119.21),(4499,300,69,3,54.72),(4500,300,15,3,57.35);
COMMIT TRANSACTION;

BEGIN TRANSACTION;

-- Perform the bulk insert
INSERT INTO salesorderdetails (OrderDetailID, OrderID, ProductID, Quantity, UnitPrice)
VALUES 
(4501,300,97,4,148.59),(4502,300,64,3,201.71),(4503,300,43,1,42.78),(4504,301,7,2,13.22),(4505,301,98,3,1093.65),(4506,301,3,4,75.00),(4507,302,72,2,394.23),(4508,302,19,1,120.59),(4509,302,52,1,19.74),(4510,302,59,2,620.40),(4511,302,82,4,141.82),(4512,302,100,3,83.28),(4513,303,95,5,301.54),(4514,303,87,2,21.71),(4515,303,86,1,526.34),(4516,303,39,3,309.28),(4517,303,35,3,95.01),(4518,303,78,1,182.35),(4519,303,83,3,177.83),(4520,303,22,4,230.33),(4521,303,15,3,57.35),(4522,304,17,5,226.37),(4523,304,71,2,17.40),(4524,304,62,3,764.84),(4525,304,75,5,146.44),(4526,304,31,1,726.01),(4527,304,37,1,727.61),(4528,304,53,3,119.21),(4529,304,97,1,148.59),(4530,305,68,5,23.98),(4531,305,44,2,18.30),(4532,305,49,2,288.66),(4533,306,95,1,301.54),(4534,306,33,5,743.20),(4535,306,39,3,309.28),(4536,306,84,4,81.53),(4537,306,42,5,85.14),(4538,306,58,5,79.90),(4539,306,69,2,54.72),(4540,307,72,3,394.23),(4541,307,27,2,654.91),(4542,308,50,1,141.81),(4543,308,74,2,153.52),(4544,309,26,1,11.18),(4545,309,95,1,301.54),(4546,309,10,2,47.80),(4547,309,88,3,13.74),(4548,309,25,1,341.07),(4549,309,30,1,201.07),(4550,309,67,1,114.08),(4551,309,3,3,75.00),(4552,309,11,5,568.07),(4553,310,51,2,528.49),(4554,310,97,5,148.59),(4555,310,8,5,649.39),(4556,310,41,3,319.05),(4557,310,5,5,24.62),(4558,310,57,4,118.64),(4559,310,78,2,182.35),(4560,311,36,4,848.27),(4561,311,15,4,57.35),(4562,311,92,2,110.17),(4563,311,24,2,140.64),(4564,311,47,4,136.23),(4565,311,9,5,40.14),(4566,311,53,3,119.21),(4567,312,16,3,172.51),(4568,312,6,2,424.96),(4569,312,56,5,336.31),(4570,312,27,5,654.91),(4571,312,75,4,146.44),(4572,313,86,1,526.34),(4573,313,8,5,649.39),(4574,313,36,1,848.27),(4575,313,64,4,201.71),(4576,313,74,5,153.52),(4577,313,31,2,726.01),(4578,313,52,4,19.74),(4579,313,34,4,240.92),(4580,313,7,1,13.22),(4581,313,81,2,189.78),(4582,314,81,2,189.78),(4583,315,22,3,230.33),(4584,315,44,3,18.30),(4585,315,25,1,341.07),(4586,315,97,2,148.59),(4587,315,84,1,81.53),(4588,315,32,4,5.89),(4589,315,4,5,25.00),(4590,315,93,1,120.70),(4591,315,26,5,11.18),(4592,316,3,2,75.00),(4593,316,27,3,654.91),(4594,316,6,1,424.96),(4595,316,97,1,148.59),(4596,316,23,5,26.80),(4597,316,57,5,118.64),(4598,316,9,2,40.14),(4599,316,26,4,11.18),(4600,316,11,4,568.07),(4601,317,46,1,412.21),(4602,317,67,2,114.08),(4603,317,43,4,42.78),(4604,317,19,1,120.59),(4605,317,64,4,201.71),(4606,317,81,2,189.78),(4607,318,53,3,119.21),(4608,318,56,3,336.31),(4609,319,93,5,120.70),(4610,320,34,2,240.92),(4611,320,88,5,13.74),(4612,320,93,1,120.70),(4613,320,85,3,180.32),(4614,320,6,3,424.96),(4615,320,24,4,140.64),(4616,320,59,5,620.40),(4617,320,78,4,182.35),(4618,321,92,5,110.17),(4619,321,47,3,136.23),(4620,321,3,5,75.00),(4621,321,98,5,1093.65),(4622,321,80,3,249.34),(4623,321,57,4,118.64),(4624,322,93,1,120.70),(4625,322,89,4,382.36),(4626,322,50,3,141.81),(4627,322,62,4,764.84),(4628,322,79,4,26.40),(4629,323,77,4,218.83),(4630,323,68,1,23.98),(4631,323,56,1,336.31),(4632,324,18,5,468.28),(4633,324,90,2,270.24),(4634,325,41,3,319.05),(4635,325,48,4,370.95),(4636,325,19,2,120.59),(4637,325,54,3,108.02),(4638,325,50,4,141.81),(4639,325,39,3,309.28),(4640,325,44,5,18.30),(4641,325,7,1,13.22),(4642,325,28,4,678.89),(4643,325,16,5,172.51),(4644,326,13,2,72.86),(4645,326,8,2,649.39),(4646,326,67,5,114.08),(4647,326,47,4,136.23),(4648,327,38,2,322.80),(4649,327,60,1,145.38),(4650,327,28,1,678.89),(4651,327,77,1,218.83),(4652,327,66,1,1069.26),(4653,327,44,4,18.30),(4654,327,93,3,120.70),(4655,327,3,3,75.00),(4656,328,89,4,382.36),(4657,328,60,4,145.38),(4658,328,50,2,141.81),(4659,328,96,5,138.81),(4660,328,9,3,40.14),(4661,328,12,3,26.68),(4662,329,23,1,26.80),(4663,330,17,4,226.37),(4664,330,88,1,13.74),(4665,330,70,2,384.84),(4666,330,34,1,240.92),(4667,330,23,1,26.80),(4668,330,38,1,322.80),(4669,330,22,1,230.33),(4670,330,39,3,309.28),(4671,330,50,2,141.81),(4672,330,10,1,47.80),(4673,331,93,2,120.70),(4674,331,80,5,249.34),(4675,331,94,4,22.72),(4676,331,42,1,85.14),(4677,331,67,2,114.08),(4678,332,13,3,72.86),(4679,333,14,3,734.37),(4680,333,5,5,24.62),(4681,333,92,5,110.17),(4682,333,59,3,620.40),(4683,333,15,2,57.35),(4684,333,42,4,85.14),(4685,333,76,2,29.24),(4686,333,50,2,141.81),(4687,333,77,4,218.83),(4688,334,22,4,230.33),(4689,334,72,1,394.23),(4690,334,87,3,21.71),(4691,334,19,1,120.59),(4692,334,44,1,18.30),(4693,334,49,4,288.66),(4694,334,25,3,341.07),(4695,334,84,4,81.53),(4696,334,7,3,13.22),(4697,335,57,1,118.64),(4698,335,33,1,743.20),(4699,335,38,1,322.80),(4700,335,47,3,136.23),(4701,335,67,1,114.08),(4702,335,22,4,230.33),(4703,335,88,1,13.74),(4704,335,20,2,168.46),(4705,335,66,3,1069.26),(4706,335,14,1,734.37),(4707,336,65,3,338.68),(4708,336,56,4,336.31),(4709,337,85,4,180.32),(4710,337,2,5,150.00),(4711,337,50,1,141.81),(4712,337,90,2,270.24),(4713,337,41,3,319.05),(4714,337,4,4,25.00),(4715,337,80,4,249.34),(4716,337,5,4,24.62),(4717,337,23,4,26.80),(4718,338,28,2,678.89),(4719,338,20,2,168.46),(4720,338,41,5,319.05),(4721,338,12,4,26.68),(4722,338,29,3,160.64),(4723,338,95,2,301.54),(4724,339,63,4,137.70),(4725,339,70,1,384.84),(4726,339,23,3,26.80),(4727,340,56,4,336.31),(4728,340,7,2,13.22),(4729,340,37,2,727.61),(4730,340,29,2,160.64),(4731,340,87,1,21.71),(4732,340,24,3,140.64),(4733,340,46,4,412.21),(4734,340,70,2,384.84),(4735,340,9,1,40.14),(4736,341,46,1,412.21),(4737,341,96,1,138.81),(4738,341,50,2,141.81),(4739,341,7,1,13.22),(4740,341,82,5,141.82),(4741,341,73,1,535.37),(4742,341,75,1,146.44),(4743,342,14,1,734.37),(4744,342,99,5,110.01),(4745,342,85,4,180.32),(4746,343,24,2,140.64),(4747,343,64,3,201.71),(4748,343,37,5,727.61),(4749,343,43,4,42.78),(4750,343,19,4,120.59),(4751,343,79,2,26.40),(4752,343,28,1,678.89),(4753,343,86,2,526.34),(4754,343,73,4,535.37),(4755,343,91,1,127.78),(4756,344,15,1,57.35),(4757,344,92,3,110.17),(4758,344,22,5,230.33),(4759,344,84,3,81.53),(4760,344,28,1,678.89),(4761,345,35,1,95.01),(4762,345,44,2,18.30),(4763,345,25,5,341.07),(4764,345,50,4,141.81),(4765,345,78,2,182.35),(4766,346,28,1,678.89),(4767,346,4,2,25.00),(4768,346,44,5,18.30),(4769,346,22,2,230.33),(4770,346,31,5,726.01),(4771,346,78,4,182.35),(4772,347,11,3,568.07),(4773,347,80,4,249.34),(4774,347,77,4,218.83),(4775,347,16,5,172.51),(4776,348,35,2,95.01),(4777,348,26,5,11.18),(4778,348,88,5,13.74),(4779,349,91,2,127.78),(4780,349,66,2,1069.26),(4781,349,92,5,110.17),(4782,349,63,5,137.70),(4783,349,79,4,26.40),(4784,349,67,3,114.08),(4785,349,86,1,526.34),(4786,349,53,2,119.21),(4787,349,85,2,180.32),(4788,350,76,3,29.24),(4789,350,100,5,83.28),(4790,350,97,4,148.59),(4791,350,27,2,654.91),(4792,350,50,1,141.81),(4793,350,82,5,141.82),(4794,350,5,5,24.62),(4795,351,41,4,319.05),(4796,352,4,5,25.00),(4797,353,84,1,81.53),(4798,353,61,2,1035.43),(4799,353,5,4,24.62),(4800,353,70,3,384.84),(4801,353,29,2,160.64),(4802,353,25,2,341.07),(4803,353,6,5,424.96),(4804,354,57,2,118.64),(4805,355,10,3,47.80),(4806,356,56,4,336.31),(4807,357,32,5,5.89),(4808,357,58,4,79.90),(4809,358,35,3,95.01),(4810,359,81,2,189.78),(4811,359,52,5,19.74),(4812,359,37,4,727.61),(4813,359,93,5,120.70),(4814,359,2,2,150.00),(4815,359,46,5,412.21),(4816,359,65,3,338.68),(4817,359,86,1,526.34),(4818,359,87,1,21.71),(4819,360,89,4,382.36),(4820,360,68,5,23.98),(4821,361,29,3,160.64),(4822,361,42,2,85.14),(4823,361,100,4,83.28),(4824,361,8,1,649.39),(4825,361,3,2,75.00),(4826,361,68,2,23.98),(4827,361,52,5,19.74),(4828,361,35,3,95.01),(4829,362,58,5,79.90),(4830,363,55,3,564.97),(4831,363,12,4,26.68),(4832,363,53,1,119.21),(4833,363,88,4,13.74),(4834,363,20,5,168.46),(4835,364,22,5,230.33),(4836,364,33,5,743.20),(4837,364,79,3,26.40),(4838,364,84,5,81.53),(4839,364,65,5,338.68),(4840,364,80,1,249.34),(4841,364,4,5,25.00),(4842,364,38,4,322.80),(4843,364,60,2,145.38),(4844,365,95,2,301.54),(4845,365,97,1,148.59),(4846,365,88,4,13.74),(4847,365,1,1,500.00),(4848,366,33,3,743.20),(4849,366,12,3,26.68),(4850,366,32,5,5.89),(4851,366,57,4,118.64),(4852,366,80,3,249.34),(4853,366,56,4,336.31),(4854,366,61,4,1035.43),(4855,367,36,3,848.27),(4856,367,90,4,270.24),(4857,367,54,2,108.02),(4858,367,8,4,649.39),(4859,368,47,1,136.23),(4860,368,62,2,764.84),(4861,368,25,5,341.07),(4862,369,66,5,1069.26),(4863,370,9,3,40.14),(4864,371,25,1,341.07),(4865,371,81,1,189.78),(4866,371,15,5,57.35),(4867,371,9,5,40.14),(4868,371,6,4,424.96),(4869,371,91,5,127.78),(4870,371,88,1,13.74),(4871,371,20,2,168.46),(4872,371,87,3,21.71),(4873,372,23,4,26.80),(4874,372,72,2,394.23),(4875,372,33,1,743.20),(4876,372,88,1,13.74),(4877,372,93,2,120.70),(4878,372,21,5,51.25),(4879,373,59,3,620.40),(4880,373,82,5,141.82),(4881,373,42,4,85.14),(4882,374,48,5,370.95),(4883,374,71,1,17.40),(4884,374,37,2,727.61),(4885,374,86,4,526.34),(4886,374,20,3,168.46),(4887,374,12,2,26.68),(4888,374,89,2,382.36),(4889,374,23,4,26.80),(4890,375,52,2,19.74),(4891,375,66,3,1069.26),(4892,375,22,3,230.33),(4893,375,25,3,341.07),(4894,375,74,1,153.52),(4895,376,85,1,180.32),(4896,376,32,5,5.89),(4897,376,81,5,189.78),(4898,376,56,3,336.31),(4899,376,5,2,24.62),(4900,376,94,3,22.72),(4901,377,97,2,148.59),(4902,378,20,5,168.46),(4903,378,15,4,57.35),(4904,378,72,3,394.23),(4905,378,66,4,1069.26),(4906,378,80,2,249.34),(4907,378,46,2,412.21),(4908,379,73,5,535.37),(4909,379,91,2,127.78),(4910,379,86,2,526.34),(4911,379,53,1,119.21),(4912,379,87,2,21.71),(4913,380,1,4,500.00),(4914,380,92,3,110.17),(4915,380,2,1,150.00),(4916,380,76,5,29.24),(4917,380,75,2,146.44),(4918,380,44,3,18.30),(4919,380,80,1,249.34),(4920,380,66,3,1069.26),(4921,381,20,2,168.46),(4922,381,53,5,119.21),(4923,381,93,4,120.70),(4924,381,66,4,1069.26),(4925,382,52,5,19.74),(4926,382,77,1,218.83),(4927,382,45,1,235.24),(4928,382,87,4,21.71),(4929,382,23,2,26.80),(4930,382,29,4,160.64),(4931,383,2,2,150.00),(4932,383,73,4,535.37),(4933,383,24,1,140.64),(4934,383,38,1,322.80),(4935,384,54,4,108.02),(4936,384,90,1,270.24),(4937,384,20,1,168.46),(4938,384,1,4,500.00),(4939,384,55,4,564.97),(4940,384,67,5,114.08),(4941,384,88,2,13.74),(4942,384,74,5,153.52),(4943,384,94,3,22.72),(4944,385,86,1,526.34),(4945,385,52,3,19.74),(4946,385,99,5,110.01),(4947,385,27,2,654.91),(4948,385,100,4,83.28),(4949,385,12,3,26.68),(4950,386,85,1,180.32),(4951,386,28,1,678.89),(4952,386,62,2,764.84),(4953,386,55,1,564.97),(4954,386,43,3,42.78),(4955,386,71,2,17.40),(4956,386,7,3,13.22),(4957,386,61,3,1035.43),(4958,387,87,5,21.71),(4959,387,22,3,230.33),(4960,387,29,4,160.64),(4961,387,12,3,26.68),(4962,387,11,2,568.07),(4963,387,80,1,249.34),(4964,387,99,5,110.01),(4965,387,69,3,54.72),(4966,388,93,1,120.70),(4967,389,36,4,848.27),(4968,389,88,5,13.74),(4969,389,28,4,678.89),(4970,389,40,4,269.78),(4971,389,59,2,620.40),(4972,389,16,1,172.51),(4973,389,6,4,424.96),(4974,390,35,1,95.01),(4975,390,78,5,182.35),(4976,390,100,1,83.28),(4977,390,90,4,270.24),(4978,390,52,5,19.74),(4979,390,49,4,288.66),(4980,390,57,2,118.64),(4981,390,9,3,40.14),(4982,390,76,4,29.24),(4983,390,13,3,72.86),(4984,391,3,5,75.00),(4985,391,76,5,29.24),(4986,391,54,1,108.02),(4987,391,40,1,269.78),(4988,391,23,3,26.80),(4989,391,92,4,110.17),(4990,391,91,1,127.78),(4991,391,50,3,141.81),(4992,391,26,2,11.18),(4993,392,63,2,137.70),(4994,392,70,3,384.84),(4995,392,78,5,182.35),(4996,392,52,3,19.74),(4997,392,93,4,120.70),(4998,392,66,4,1069.26),(4999,392,85,2,180.32),(5000,393,52,3,19.74),(5001,393,77,5,218.83),(5002,393,28,2,678.89),(5003,393,13,5,72.86),(5004,393,63,5,137.70),(5005,393,68,2,23.98),(5006,393,44,4,18.30),(5007,393,73,3,535.37),(5008,393,89,3,382.36),(5009,394,37,4,727.61),(5010,394,42,4,85.14),(5011,394,67,2,114.08),(5012,394,24,2,140.64),(5013,394,48,2,370.95),(5014,394,57,4,118.64),(5015,394,29,2,160.64),(5016,394,34,3,240.92),(5017,394,60,3,145.38),(5018,394,15,5,57.35),(5019,395,9,4,40.14),(5020,395,82,2,141.82),(5021,396,94,3,22.72),(5022,396,9,2,40.14),(5023,396,66,1,1069.26),(5024,397,17,5,226.37),(5025,397,93,5,120.70),(5026,398,45,4,235.24),(5027,398,14,5,734.37),(5028,398,79,1,26.40),(5029,398,21,4,51.25),(5030,398,28,1,678.89),(5031,398,24,1,140.64),(5032,398,86,3,526.34),(5033,398,35,3,95.01),(5034,398,32,4,5.89),(5035,398,72,3,394.23),(5036,399,37,3,727.61),(5037,399,28,4,678.89),(5038,399,59,1,620.40),(5039,399,88,1,13.74),(5040,400,66,3,1069.26),(5041,400,26,2,11.18),(5042,400,29,2,160.64),(5043,400,41,1,319.05),(5044,400,93,3,120.70),(5045,400,96,1,138.81),(5046,400,42,1,85.14),(5047,400,63,1,137.70),(5048,400,27,4,654.91),(5049,400,46,2,412.21),(5050,401,41,1,319.05),(5051,401,22,5,230.33),(5052,401,23,1,26.80),(5053,402,57,3,118.64),(5054,402,3,1,75.00),(5055,402,66,2,1069.26),(5056,402,58,2,79.90),(5057,402,85,1,180.32),(5058,402,7,4,13.22),(5059,402,73,1,535.37),(5060,402,87,3,21.71),(5061,402,63,1,137.70),(5062,402,89,5,382.36),(5063,403,74,2,153.52),(5064,403,82,3,141.82),(5065,404,95,3,301.54),(5066,404,31,5,726.01),(5067,404,12,4,26.68),(5068,404,20,3,168.46),(5069,404,57,3,118.64),(5070,405,87,2,21.71),(5071,405,83,4,177.83),(5072,405,76,2,29.24),(5073,405,21,3,51.25),(5074,405,43,5,42.78),(5075,405,63,5,137.70),(5076,405,96,1,138.81),(5077,405,10,4,47.80),(5078,405,81,3,189.78),(5079,406,20,2,168.46),(5080,406,72,3,394.23),(5081,406,93,3,120.70),(5082,406,42,4,85.14),(5083,406,27,4,654.91),(5084,406,1,2,500.00),(5085,406,79,3,26.40),(5086,406,5,4,24.62),(5087,406,95,4,301.54),(5088,407,11,5,568.07),(5089,407,78,3,182.35),(5090,407,46,5,412.21),(5091,407,76,2,29.24),(5092,407,55,2,564.97),(5093,407,66,5,1069.26),(5094,407,18,1,468.28),(5095,408,90,4,270.24),(5096,408,93,4,120.70),(5097,408,75,4,146.44),(5098,409,53,2,119.21),(5099,409,90,4,270.24),(5100,409,35,4,95.01),(5101,409,30,2,201.07),(5102,409,19,1,120.59),(5103,409,60,4,145.38),(5104,409,33,2,743.20),(5105,410,29,2,160.64),(5106,410,96,5,138.81),(5107,410,43,5,42.78),(5108,410,7,4,13.22),(5109,410,40,5,269.78),(5110,410,39,3,309.28),(5111,410,76,3,29.24),(5112,410,12,2,26.68),(5113,410,79,5,26.40),(5114,411,91,2,127.78),(5115,412,28,5,678.89),(5116,412,73,5,535.37),(5117,412,14,4,734.37),(5118,412,11,4,568.07),(5119,412,81,5,189.78),(5120,412,78,4,182.35),(5121,412,3,4,75.00),(5122,413,45,3,235.24),(5123,413,59,4,620.40),(5124,414,22,5,230.33),(5125,414,5,3,24.62),(5126,414,36,2,848.27),(5127,414,17,2,226.37),(5128,414,11,5,568.07),(5129,415,17,2,226.37),(5130,415,12,3,26.68),(5131,415,96,4,138.81),(5132,415,86,2,526.34),(5133,415,91,1,127.78),(5134,415,70,4,384.84),(5135,415,21,3,51.25),(5136,416,76,4,29.24),(5137,416,83,3,177.83),(5138,416,66,1,1069.26),(5139,416,40,5,269.78),(5140,417,78,3,182.35),(5141,417,83,2,177.83),(5142,417,59,2,620.40),(5143,417,46,4,412.21),(5144,417,3,1,75.00),(5145,417,34,3,240.92),(5146,417,90,3,270.24),(5147,417,80,2,249.34),(5148,417,24,5,140.64),(5149,417,57,1,118.64),(5150,418,5,4,24.62),(5151,418,3,3,75.00),(5152,418,77,5,218.83),(5153,418,98,1,1093.65),(5154,418,30,1,201.07),(5155,418,87,3,21.71),(5156,418,64,5,201.71),(5157,418,79,3,26.40),(5158,419,10,4,47.80),(5159,419,99,3,110.01),(5160,419,27,5,654.91),(5161,419,19,3,120.59),(5162,419,92,4,110.17),(5163,419,40,5,269.78),(5164,419,63,3,137.70),(5165,419,68,5,23.98),(5166,419,8,4,649.39),(5167,419,97,5,148.59),(5168,420,25,4,341.07),(5169,420,51,3,528.49),(5170,420,96,3,138.81),(5171,420,48,1,370.95),(5172,420,83,5,177.83),(5173,420,16,5,172.51),(5174,420,36,3,848.27),(5175,420,31,1,726.01),(5176,420,63,5,137.70),(5177,421,89,4,382.36),(5178,422,22,5,230.33),(5179,422,71,3,17.40),(5180,422,32,1,5.89),(5181,422,51,5,528.49),(5182,422,17,5,226.37),(5183,422,98,4,1093.65),(5184,423,28,4,678.89),(5185,423,90,5,270.24),(5186,423,68,1,23.98),(5187,423,95,5,301.54),(5188,423,74,4,153.52),(5189,423,22,1,230.33),(5190,423,16,5,172.51),(5191,423,70,2,384.84),(5192,423,75,5,146.44),(5193,423,18,3,468.28),(5194,424,40,3,269.78),(5195,424,72,2,394.23),(5196,425,56,2,336.31),(5197,425,83,2,177.83),(5198,425,95,3,301.54),(5199,426,89,2,382.36),(5200,426,59,4,620.40);
COMMIT TRANSACTION;


BEGIN TRANSACTION;

-- Perform the bulk insert
INSERT INTO salesorderdetails (OrderDetailID, OrderID, ProductID, Quantity, UnitPrice)
VALUES 
(5201,426,92,2,110.17),(5202,426,25,1,341.07),(5203,426,78,4,182.35),(5204,426,62,5,764.84),(5205,426,23,4,26.80),(5206,426,16,3,172.51),(5207,426,77,4,218.83),(5208,426,21,3,51.25),(5209,427,28,2,678.89),(5210,427,1,4,500.00),(5211,427,75,2,146.44),(5212,427,54,2,108.02),(5213,427,89,3,382.36),(5214,427,35,4,95.01),(5215,427,32,3,5.89),(5216,427,14,2,734.37),(5217,428,9,5,40.14),(5218,429,4,2,25.00),(5219,429,51,3,528.49),(5220,430,41,3,319.05),(5221,430,3,5,75.00),(5222,430,79,1,26.40),(5223,431,100,1,83.28),(5224,431,50,2,141.81),(5225,431,23,1,26.80),(5226,431,81,1,189.78),(5227,431,27,3,654.91),(5228,431,38,4,322.80),(5229,431,44,1,18.30),(5230,431,9,3,40.14),(5231,431,4,5,25.00),(5232,432,71,3,17.40),(5233,432,66,2,1069.26),(5234,432,58,4,79.90),(5235,432,100,4,83.28),(5236,432,40,1,269.78),(5237,432,19,5,120.59),(5238,433,86,1,526.34),(5239,433,7,1,13.22),(5240,433,87,3,21.71),(5241,433,92,4,110.17),(5242,433,8,1,649.39),(5243,434,8,1,649.39),(5244,434,57,2,118.64),(5245,434,32,3,5.89),(5246,435,29,4,160.64),(5247,435,32,5,5.89),(5248,435,48,2,370.95),(5249,435,66,4,1069.26),(5250,435,92,5,110.17),(5251,436,20,2,168.46),(5252,436,6,2,424.96),(5253,436,13,3,72.86),(5254,436,90,5,270.24),(5255,436,17,1,226.37),(5256,436,99,3,110.01),(5257,436,79,1,26.40),(5258,436,54,5,108.02),(5259,437,21,5,51.25),(5260,437,20,2,168.46),(5261,437,4,1,25.00),(5262,437,85,5,180.32),(5263,437,53,4,119.21),(5264,437,93,3,120.70),(5265,437,58,2,79.90),(5266,438,38,5,322.80),(5267,438,9,4,40.14),(5268,438,46,2,412.21),(5269,438,53,3,119.21),(5270,439,4,3,25.00),(5271,440,16,4,172.51),(5272,440,36,2,848.27),(5273,440,56,3,336.31),(5274,440,41,3,319.05),(5275,441,90,3,270.24),(5276,441,42,1,85.14),(5277,441,24,5,140.64),(5278,441,63,3,137.70),(5279,441,26,3,11.18),(5280,441,33,3,743.20),(5281,441,83,5,177.83),(5282,442,38,3,322.80),(5283,442,14,4,734.37),(5284,442,96,3,138.81),(5285,442,12,3,26.68),(5286,442,40,4,269.78),(5287,442,75,3,146.44),(5288,442,59,3,620.40),(5289,442,63,1,137.70),(5290,442,42,4,85.14),(5291,442,25,4,341.07),(5292,443,64,5,201.71),(5293,443,66,3,1069.26),(5294,443,51,1,528.49),(5295,443,44,3,18.30),(5296,443,23,2,26.80),(5297,443,74,1,153.52),(5298,443,21,2,51.25),(5299,444,34,1,240.92),(5300,444,79,5,26.40),(5301,444,68,4,23.98),(5302,445,40,5,269.78),(5303,445,48,3,370.95),(5304,445,23,2,26.80),(5305,445,1,5,500.00),(5306,445,100,1,83.28),(5307,445,50,3,141.81),(5308,446,79,1,26.40),(5309,446,82,4,141.82),(5310,446,91,5,127.78),(5311,446,39,3,309.28),(5312,446,90,5,270.24),(5313,446,78,3,182.35),(5314,446,66,5,1069.26),(5315,446,55,5,564.97),(5316,446,81,5,189.78),(5317,446,71,3,17.40),(5318,447,37,2,727.61),(5319,447,27,3,654.91),(5320,447,84,5,81.53),(5321,447,86,3,526.34),(5322,447,6,3,424.96),(5323,447,62,5,764.84),(5324,448,26,5,11.18),(5325,449,26,2,11.18),(5326,449,39,1,309.28),(5327,449,96,2,138.81),(5328,449,77,3,218.83),(5329,449,54,2,108.02),(5330,449,79,4,26.40),(5331,449,81,4,189.78),(5332,450,41,5,319.05),(5333,450,54,1,108.02),(5334,450,3,1,75.00),(5335,450,5,5,24.62),(5336,450,10,3,47.80),(5337,450,23,2,26.80),(5338,450,73,4,535.37),(5339,450,83,3,177.83),(5340,450,4,5,25.00),(5341,450,13,4,72.86),(5342,451,70,1,384.84),(5343,452,33,4,743.20),(5344,452,32,3,5.89),(5345,452,100,2,83.28),(5346,452,52,2,19.74),(5347,452,98,2,1093.65),(5348,452,94,1,22.72),(5349,452,14,2,734.37),(5350,452,51,1,528.49),(5351,452,18,1,468.28),(5352,452,72,4,394.23),(5353,453,22,2,230.33),(5354,453,53,5,119.21),(5355,453,92,3,110.17),(5356,453,69,2,54.72),(5357,453,94,1,22.72),(5358,453,48,3,370.95),(5359,454,47,3,136.23),(5360,454,32,2,5.89),(5361,454,81,5,189.78),(5362,454,65,4,338.68),(5363,454,58,2,79.90),(5364,454,6,2,424.96),(5365,454,71,1,17.40),(5366,454,2,4,150.00),(5367,454,57,4,118.64),(5368,454,70,4,384.84),(5369,455,84,3,81.53),(5370,455,16,3,172.51),(5371,456,53,3,119.21),(5372,456,93,1,120.70),(5373,456,58,5,79.90),(5374,456,71,4,17.40),(5375,456,79,1,26.40),(5376,456,95,2,301.54),(5377,456,69,2,54.72),(5378,456,40,3,269.78),(5379,456,99,2,110.01),(5380,457,66,5,1069.26),(5381,457,78,4,182.35),(5382,457,57,4,118.64),(5383,457,72,1,394.23),(5384,457,42,4,85.14),(5385,458,95,1,301.54),(5386,458,40,2,269.78),(5387,459,66,5,1069.26),(5388,459,43,2,42.78),(5389,459,78,4,182.35),(5390,459,14,4,734.37),(5391,459,83,4,177.83),(5392,459,41,3,319.05),(5393,459,58,2,79.90),(5394,459,28,4,678.89),(5395,459,19,5,120.59),(5396,459,87,1,21.71),(5397,460,60,5,145.38),(5398,460,64,5,201.71),(5399,460,49,2,288.66),(5400,460,45,5,235.24),(5401,460,35,1,95.01),(5402,460,31,3,726.01),(5403,460,84,2,81.53),(5404,460,15,5,57.35),(5405,460,77,3,218.83),(5406,460,76,1,29.24),(5407,461,3,4,75.00),(5408,461,91,5,127.78),(5409,462,97,5,148.59),(5410,463,36,1,848.27),(5411,463,53,5,119.21),(5412,463,65,4,338.68),(5413,464,7,5,13.22),(5414,464,31,4,726.01),(5415,464,82,4,141.82),(5416,465,98,2,1093.65),(5417,465,5,2,24.62),(5418,465,72,4,394.23),(5419,465,54,4,108.02),(5420,465,1,5,500.00),(5421,466,89,4,382.36),(5422,466,63,3,137.70),(5423,466,32,3,5.89),(5424,466,6,3,424.96),(5425,466,74,5,153.52),(5426,466,49,3,288.66),(5427,466,5,3,24.62),(5428,466,12,2,26.68),(5429,466,41,1,319.05),(5430,467,29,1,160.64),(5431,467,34,4,240.92),(5432,468,26,3,11.18),(5433,468,60,4,145.38),(5434,468,47,5,136.23),(5435,468,43,5,42.78),(5436,468,50,4,141.81),(5437,468,30,2,201.07),(5438,469,25,2,341.07),(5439,469,5,1,24.62),(5440,469,56,3,336.31),(5441,469,51,4,528.49),(5442,470,61,5,1035.43),(5443,470,74,5,153.52),(5444,471,16,2,172.51),(5445,471,5,2,24.62),(5446,471,89,5,382.36),(5447,471,13,1,72.86),(5448,471,63,2,137.70),(5449,471,30,2,201.07),(5450,471,58,1,79.90),(5451,471,36,3,848.27),(5452,472,76,4,29.24),(5453,472,39,2,309.28),(5454,472,71,5,17.40),(5455,473,13,5,72.86),(5456,473,22,2,230.33),(5457,473,89,1,382.36),(5458,473,26,3,11.18),(5459,473,66,1,1069.26),(5460,473,65,1,338.68),(5461,474,11,4,568.07),(5462,474,13,3,72.86),(5463,474,62,3,764.84),(5464,474,3,3,75.00),(5465,474,26,3,11.18),(5466,474,16,2,172.51),(5467,475,87,3,21.71),(5468,475,5,3,24.62),(5469,475,71,4,17.40),(5470,475,90,2,270.24),(5471,476,50,4,141.81),(5472,477,41,5,319.05),(5473,477,49,2,288.66),(5474,478,1,1,500.00),(5475,478,84,4,81.53),(5476,478,83,4,177.83),(5477,478,4,4,25.00),(5478,478,62,4,764.84),(5479,478,39,2,309.28),(5480,479,56,1,336.31),(5481,479,70,2,384.84),(5482,479,2,2,150.00),(5483,479,5,5,24.62),(5484,479,63,2,137.70),(5485,479,69,4,54.72),(5486,479,43,1,42.78),(5487,480,53,3,119.21),(5488,480,22,2,230.33),(5489,480,57,4,118.64),(5490,481,81,2,189.78),(5491,481,18,4,468.28),(5492,481,71,2,17.40),(5493,481,60,5,145.38),(5494,481,68,5,23.98),(5495,481,37,5,727.61),(5496,481,69,4,54.72),(5497,481,99,1,110.01),(5498,482,63,4,137.70),(5499,482,5,4,24.62),(5500,482,31,1,726.01),(5501,482,36,3,848.27),(5502,482,45,5,235.24),(5503,482,69,4,54.72),(5504,482,67,4,114.08),(5505,482,49,5,288.66),(5506,482,20,5,168.46),(5507,483,98,4,1093.65),(5508,484,86,2,526.34),(5509,484,76,1,29.24),(5510,484,2,3,150.00),(5511,484,14,2,734.37),(5512,484,70,5,384.84),(5513,484,56,2,336.31),(5514,484,57,1,118.64),(5515,484,77,2,218.83),(5516,484,32,5,5.89),(5517,485,22,2,230.33),(5518,485,40,5,269.78),(5519,485,81,2,189.78),(5520,486,60,3,145.38),(5521,486,99,3,110.01),(5522,486,62,3,764.84),(5523,486,10,4,47.80),(5524,486,94,3,22.72),(5525,487,38,4,322.80),(5526,487,45,3,235.24),(5527,487,75,2,146.44),(5528,487,41,4,319.05),(5529,487,15,5,57.35),(5530,487,27,1,654.91),(5531,487,68,3,23.98),(5532,487,12,2,26.68),(5533,487,94,4,22.72),(5534,487,67,3,114.08),(5535,488,18,4,468.28),(5536,489,34,3,240.92),(5537,489,66,1,1069.26),(5538,489,82,5,141.82),(5539,489,26,4,11.18),(5540,489,41,1,319.05),(5541,489,72,3,394.23),(5542,489,37,1,727.61),(5543,489,87,3,21.71),(5544,490,46,5,412.21),(5545,490,37,1,727.61),(5546,490,67,1,114.08),(5547,490,10,3,47.80),(5548,490,77,1,218.83),(5549,490,96,2,138.81),(5550,490,30,5,201.07),(5551,490,65,3,338.68),(5552,490,62,2,764.84),(5553,490,20,1,168.46),(5554,491,50,3,141.81),(5555,491,31,4,726.01),(5556,491,60,1,145.38),(5557,491,14,5,734.37),(5558,491,68,3,23.98),(5559,491,76,3,29.24),(5560,491,98,2,1093.65),(5561,491,64,4,201.71),(5562,492,43,4,42.78),(5563,492,25,5,341.07),(5564,492,27,4,654.91),(5565,492,2,1,150.00),(5566,492,7,2,13.22),(5567,492,31,5,726.01),(5568,492,45,1,235.24),(5569,492,17,5,226.37),(5570,493,3,5,75.00),(5571,493,19,5,120.59),(5572,493,16,1,172.51),(5573,493,77,3,218.83),(5574,494,79,4,26.40),(5575,494,88,1,13.74),(5576,494,99,5,110.01),(5577,494,29,1,160.64),(5578,495,15,4,57.35),(5579,495,85,2,180.32),(5580,495,81,2,189.78),(5581,495,92,1,110.17),(5582,495,71,5,17.40),(5583,495,14,2,734.37),(5584,495,24,1,140.64),(5585,495,96,3,138.81),(5586,495,82,2,141.82),(5587,496,86,3,526.34),(5588,496,16,1,172.51),(5589,496,80,3,249.34),(5590,496,52,5,19.74),(5591,496,45,4,235.24),(5592,496,37,1,727.61),(5593,496,30,3,201.07),(5594,496,93,4,120.70),(5595,497,77,5,218.83),(5596,497,81,1,189.78),(5597,497,100,2,83.28),(5598,497,27,3,654.91),(5599,498,75,1,146.44),(5600,498,26,2,11.18),(5601,498,24,1,140.64),(5602,498,5,5,24.62),(5603,498,30,3,201.07),(5604,499,65,2,338.68),(5605,499,31,1,726.01),(5606,499,90,1,270.24),(5607,499,22,4,230.33),(5608,499,60,4,145.38),(5609,499,20,2,168.46),(5610,499,57,4,118.64),(5611,500,38,3,322.80);

COMMIT TRANSACTION;
--
-- Table structure for table `salesorders`
--

